id,id_viagem,temperatura,umidade,vibracao,ruido,proximidade,peso,latitude,longitude,data_captura
1,1,23,72.27,103.8672,84.7512,39,30,-83.2846,69.815,2023-06-06 20:47:07
2,1,27,62.32,18.8126,36.9695,52,30,-83.2877,69.817,2023-06-06 20:47:08
3,1,23,73.99,78.4629,48.1821,77,30,-83.2861,69.8123,2023-06-06 20:47:08
4,1,24,65.67,169.1518,60.3956,61,30,-83.2858,69.7981,2023-06-06 20:47:08
5,1,27,50.54,159.774,88.1785,14,30,-83.2729,69.8035,2023-06-06 20:47:08
6,1,30,73.53,77.5952,50.4047,66,30,-83.2875,69.8161,2023-06-06 20:47:08
7,1,23,58.34,132.1374,72.2244,18,30,-83.276,69.8059,2023-06-06 20:47:08
8,1,22,60.1,171.2696,69.3001,2,30,-83.2867,69.8041,2023-06-06 20:47:08
9,1,27,59.38,21.4097,85.9082,100,30,-83.2752,69.807,2023-06-06 20:47:09
10,1,27,64.32,32.9731,58.9348,45,30,-83.2748,69.8174,2023-06-06 20:47:09
11,1,23,58.46,194.3595,52.7679,72,30,-83.2692,69.7994,2023-06-06 20:47:09
12,1,27,76.21,96.2359,46.3463,78,30,-83.2752,69.8123,2023-06-06 20:47:09
13,1,22,53.62,43.7598,52.3911,70,30,-83.2822,69.7986,2023-06-06 20:47:09
14,1,26,60.39,218.003,88.0278,78,30,-83.2797,69.8123,2023-06-06 20:47:09
15,1,30,79.17,112.3315,32.0333,6,30,-83.2744,69.8019,2023-06-06 20:47:09
16,1,25,59.73,42.5671,86.3933,71,30,-83.275,69.8089,2023-06-06 20:47:09
17,1,24,78.45,2.9818,43.5386,75,30,-83.276,69.8002,2023-06-06 20:47:10
18,1,23,62.94,129.3674,78.0392,61,30,-83.2829,69.7979,2023-06-06 20:47:10
19,1,28,54.7,142.8235,86.3605,26,30,-83.2867,69.7981,2023-06-06 20:47:10
20,1,23,63.41,139.409,69.4396,28,30,-83.2868,69.8157,2023-06-06 20:47:10
21,1,29,63.42,137.3914,36.8827,69,30,-83.2737,69.8018,2023-06-06 20:47:10
22,1,30,72.44,196.6373,79.7727,14,30,-83.2771,69.7987,2023-06-06 20:47:10
23,1,30,78.48,8.6637,38.5504,8,30,-83.2722,69.8132,2023-06-06 20:47:10
24,1,25,53.75,8.5188,58.3292,23,30,-83.284,69.8138,2023-06-06 20:47:10
25,1,28,77.5,65.6595,60.4993,66,30,-83.2818,69.8118,2023-06-06 20:47:11
26,1,29,79.73,57.6451,64.1111,22,30,-83.2813,69.8109,2023-06-06 20:47:11
27,1,20,61.32,13.2946,57.3512,54,30,-83.2833,69.8113,2023-06-06 20:47:11
28,1,26,75.68,114.7196,84.4763,39,30,-83.2842,69.8153,2023-06-06 20:47:11
29,1,28,73.74,79.6998,78.8288,14,30,-83.2792,69.8074,2023-06-06 20:47:11
30,1,29,79.1,41.0409,50.155,69,30,-83.2713,69.8113,2023-06-06 20:47:11
31,1,28,75.66,188.141,33.5197,44,30,-83.2695,69.8043,2023-06-06 20:47:11
32,1,26,52.15,86.0852,77.0162,53,30,-83.2871,69.8145,2023-06-06 20:47:11
33,1,23,60.49,101.2877,45.0947,36,30,-83.2695,69.8025,2023-06-06 20:47:12
34,1,21,67.7,142.4155,78.1114,36,30,-83.2799,69.8021,2023-06-06 20:47:12
35,1,27,66.6,13.6015,87.8684,20,30,-83.2753,69.8048,2023-06-06 20:47:12
36,1,28,58.51,97.3876,65.6614,74,30,-83.2811,69.8065,2023-06-06 20:47:12
37,1,30,53.45,164.9594,46.8282,16,30,-83.2722,69.8069,2023-06-06 20:47:12
38,1,27,55.15,145.3489,55.4622,46,30,-83.2806,69.8013,2023-06-06 20:47:12
39,1,30,56.38,39.5146,40.0182,6,30,-83.2843,69.8121,2023-06-06 20:47:12
40,1,22,54.4,116.1327,70.8739,75,30,-83.2809,69.8136,2023-06-06 20:47:13
41,1,29,68.46,101.165,78.964,41,30,-83.2875,69.817,2023-06-06 20:47:13
42,1,24,65.93,26.2952,63.6898,27,30,-83.2727,69.802,2023-06-06 20:47:13
43,1,23,51.15,193.2489,83.7299,67,30,-83.274,69.8136,2023-06-06 20:47:13
44,1,28,59.67,102.8328,84.6359,78,30,-83.2864,69.81,2023-06-06 20:47:13
45,1,28,63.47,146.6698,70.5581,95,30,-83.2723,69.8169,2023-06-06 20:47:13
46,1,29,63.59,66.8049,52.6459,80,30,-83.2859,69.8068,2023-06-06 20:47:13
47,1,21,65.67,33.7901,89.3728,18,30,-83.2763,69.7982,2023-06-06 20:47:13
48,1,23,60.98,118.0868,37.7722,70,30,-83.2766,69.8063,2023-06-06 20:47:14
49,1,24,57.25,13.2408,45.4372,7,30,-83.2807,69.8126,2023-06-06 20:47:14
50,1,24,66.72,174.0916,80.6468,99,30,-83.2803,69.7991,2023-06-06 20:47:14
51,1,27,54.55,23.2292,53.3329,82,30,-83.2691,69.8022,2023-06-06 20:47:14
52,1,21,51.1,24.1171,75.1116,25,30,-83.2876,69.8168,2023-06-06 20:47:14
53,1,25,64.13,139.9249,52.6091,50,30,-83.2717,69.8083,2023-06-06 20:47:14
54,1,25,64.01,38.4814,58.1258,39,30,-83.2879,69.8042,2023-06-06 20:47:14
55,1,26,50.56,34.8104,89.5605,1,30,-83.2854,69.7998,2023-06-06 20:47:14
56,1,25,58.94,175.9789,52.4645,56,30,-83.2682,69.8082,2023-06-06 20:47:15
57,1,28,62.17,55.8892,75.3914,95,30,-83.2838,69.802,2023-06-06 20:47:15
58,1,26,75.38,15.6435,53.5745,29,30,-83.2772,69.8169,2023-06-06 20:47:15
59,1,20,59.23,54.0782,48.1469,15,30,-83.2793,69.8066,2023-06-06 20:47:15
60,1,29,71.07,192.2807,34.9231,20,30,-83.2714,69.8166,2023-06-06 20:47:15
61,1,20,79.36,52.9254,72.9315,6,30,-83.288,69.798,2023-06-06 20:47:15
62,1,22,51.73,94.5362,84.7821,41,30,-83.2785,69.8105,2023-06-06 20:47:15
63,1,30,50.91,109.1096,68.5646,9,30,-83.2778,69.8126,2023-06-06 20:47:15
64,1,25,78.09,1.3562,72.5205,85,30,-83.2807,69.8033,2023-06-06 20:47:16
65,1,21,52.82,79.0394,55.7567,79,30,-83.2755,69.8164,2023-06-06 20:47:16
66,1,21,57.57,25.7848,47.2657,82,30,-83.2839,69.8162,2023-06-06 20:47:16
67,1,21,67.62,157.1033,74.1605,99,30,-83.2866,69.8101,2023-06-06 20:47:16
68,1,24,54.15,79.8694,66.5398,68,30,-83.285,69.8054,2023-06-06 20:47:16
69,1,28,62.66,76.116,86.6601,49,30,-83.2818,69.8114,2023-06-06 20:47:16
70,1,27,72.86,3.3231,71.4387,72,30,-83.2836,69.813,2023-06-06 20:47:16
71,1,21,69.11,146.3331,84.3727,22,30,-83.2853,69.8145,2023-06-06 20:47:17
72,1,22,54.01,185.862,62.5075,21,30,-83.2797,69.8149,2023-06-06 20:47:17
73,1,28,69.95,191.4105,86.1594,16,30,-83.2859,69.8149,2023-06-06 20:47:17
74,1,25,64.34,3.5219,63.9992,2,30,-83.278,69.8127,2023-06-06 20:47:17
75,1,25,62.4,171.4622,89.2423,93,30,-83.2827,69.8115,2023-06-06 20:47:17
76,1,21,52.17,95.735,86.7366,97,28,-83.2785,69.8138,2023-06-06 20:47:17
77,1,26,79.2,124.3025,78.9665,23,28,-83.286,69.8097,2023-06-06 20:47:17
78,1,23,54.3,68.6115,76.0262,53,28,-83.2753,69.8127,2023-06-06 20:47:17
79,1,22,79.85,29.1651,36.1748,55,28,-83.2787,69.7995,2023-06-06 20:47:18
80,1,23,68.46,94.1676,36.8964,0,28,-83.2817,69.7982,2023-06-06 20:47:18
81,1,22,57.65,24.5145,31.242,7,28,-83.2742,69.8126,2023-06-06 20:47:18
82,1,30,72.21,75.5525,65.5332,2,28,-83.2879,69.8038,2023-06-06 20:47:18
83,1,22,52.23,28.6641,44.6804,46,28,-83.2782,69.7995,2023-06-06 20:47:18
84,1,30,55.61,171.5991,63.1661,76,28,-83.2732,69.7989,2023-06-06 20:47:18
85,1,20,67.0,83.4354,78.3466,66,28,-83.2838,69.8153,2023-06-06 20:47:18
86,1,22,57.03,147.4996,79.0493,55,28,-83.2743,69.8008,2023-06-06 20:47:18
87,1,20,73.82,180.5929,52.3957,26,28,-83.2827,69.8009,2023-06-06 20:47:19
88,1,25,51.71,9.5058,70.03,98,26,-83.2791,69.8069,2023-06-06 20:47:19
89,1,22,53.25,105.7157,65.3765,89,26,-83.2863,69.8083,2023-06-06 20:47:19
90,1,22,58.33,122.6897,73.7145,25,26,-83.2686,69.8025,2023-06-06 20:47:19
91,1,25,66.92,126.1915,83.9511,96,26,-83.2733,69.8175,2023-06-06 20:47:19
92,1,25,62.02,18.5264,85.4828,65,26,-83.2782,69.8132,2023-06-06 20:47:19
93,1,24,62.35,29.3351,87.6587,96,26,-83.2768,69.8031,2023-06-06 20:47:19
94,1,30,63.74,171.6215,54.1046,33,26,-83.2733,69.8024,2023-06-06 20:47:19
95,1,25,69.48,155.0937,40.8582,77,26,-83.2703,69.8049,2023-06-06 20:47:20
96,1,23,73.21,124.3737,30.5173,17,26,-83.28,69.8127,2023-06-06 20:47:20
97,1,27,62.6,193.024,52.996,52,26,-83.2803,69.7991,2023-06-06 20:47:20
98,1,20,53.24,71.1622,33.9403,15,26,-83.2751,69.8178,2023-06-06 20:47:20
99,1,25,73.46,99.2524,88.0262,94,26,-83.2743,69.812,2023-06-06 20:47:20
100,1,28,64.02,118.8773,80.3096,64,26,-83.2874,69.8136,2023-06-06 20:47:20
101,2,24,79.91,180.9842,36.9738,35,30,52.7517,-125.9084,2023-06-06 20:47:32
102,2,28,62.64,112.54,82.9577,59,30,52.7522,-125.9032,2023-06-06 20:47:32
103,2,30,70.87,175.1782,78.9141,100,30,52.7572,-125.9044,2023-06-06 20:47:32
104,2,28,67.52,6.5276,68.8082,66,30,52.7688,-125.8987,2023-06-06 20:47:32
105,2,22,58.4,63.0752,42.2204,26,30,52.7566,-125.9109,2023-06-06 20:47:32
106,2,28,59.35,77.6549,40.5083,13,30,52.764,-125.912,2023-06-06 20:47:32
107,2,28,68.83,75.453,66.3666,57,30,52.7648,-125.9029,2023-06-06 20:47:33
108,2,27,66.77,59.6515,75.8687,94,28,52.7579,-125.9037,2023-06-06 20:47:33
109,2,23,57.41,138.7235,76.568,27,28,52.7652,-125.9147,2023-06-06 20:47:33
110,2,30,55.32,166.9764,57.9668,44,28,52.7637,-125.9144,2023-06-06 20:47:33
111,2,20,79.54,69.2267,31.3537,50,28,52.7665,-125.9132,2023-06-06 20:47:33
112,2,28,55.88,74.3304,73.8549,33,28,52.7548,-125.9123,2023-06-06 20:47:33
113,2,27,79.91,72.2731,62.7147,64,28,52.7522,-125.8975,2023-06-06 20:47:33
114,2,23,74.38,51.7842,34.2262,0,28,52.7528,-125.9144,2023-06-06 20:47:34
115,2,20,75.46,49.2315,78.7968,90,26,52.7634,-125.9115,2023-06-06 20:47:34
116,2,20,68.62,143.9282,46.4513,35,26,52.762,-125.9076,2023-06-06 20:47:34
117,2,29,66.5,198.4637,47.682,29,26,52.7541,-125.9082,2023-06-06 20:47:34
118,2,24,79.89,22.5673,80.2436,61,26,52.7508,-125.9106,2023-06-06 20:47:34
119,2,21,76.95,162.8693,56.7181,20,26,52.7603,-125.8993,2023-06-06 20:47:34
120,2,27,58.95,4.3159,47.9627,61,26,52.7532,-125.9057,2023-06-06 20:47:34
121,2,26,71.02,95.4406,42.0325,45,26,52.7617,-125.9002,2023-06-06 20:47:34
122,2,21,69.02,195.2689,56.0589,29,26,52.7608,-125.9029,2023-06-06 20:47:35
123,2,20,71.25,183.0855,44.1567,37,26,52.7608,-125.9058,2023-06-06 20:47:35
124,2,28,70.27,124.1448,85.7811,43,26,52.7698,-125.8995,2023-06-06 20:47:35
125,2,26,74.31,11.8821,54.1388,18,26,52.7628,-125.9112,2023-06-06 20:47:35
126,2,30,60.12,142.5747,83.7428,55,26,52.759,-125.913,2023-06-06 20:47:35
127,2,30,66.48,160.0586,40.4623,3,26,52.7631,-125.8978,2023-06-06 20:47:35
128,2,22,57.65,12.3396,47.774,19,26,52.7639,-125.9128,2023-06-06 20:47:35
129,2,26,66.75,20.6413,46.018,69,26,52.7514,-125.8972,2023-06-06 20:47:35
130,2,26,51.24,102.4658,83.3272,41,26,52.7687,-125.9026,2023-06-06 20:47:36
131,2,21,65.12,176.5177,74.3544,98,26,52.7531,-125.9104,2023-06-06 20:47:36
132,2,28,54.5,77.14,52.5262,81,26,52.7632,-125.8968,2023-06-06 20:47:36
133,2,29,58.79,107.0639,66.0244,10,26,52.7541,-125.9139,2023-06-06 20:47:36
134,2,30,77.06,199.8433,41.0615,9,26,52.757,-125.8966,2023-06-06 20:47:36
135,2,23,57.51,198.0453,34.9996,77,26,52.7531,-125.9012,2023-06-06 20:47:36
136,2,29,55.43,22.4431,49.7147,55,26,52.7695,-125.9095,2023-06-06 20:47:36
137,2,24,58.72,133.3236,35.8768,80,26,52.7549,-125.9141,2023-06-06 20:47:36
138,2,22,59.28,181.2084,69.7932,14,26,52.7517,-125.8976,2023-06-06 20:47:37
139,2,25,73.55,8.7586,42.5841,27,26,52.7552,-125.8978,2023-06-06 20:47:37
140,2,21,79.76,64.3598,41.1265,60,26,52.7656,-125.8987,2023-06-06 20:47:37
141,2,29,70.15,199.5953,85.9531,39,26,52.7589,-125.9099,2023-06-06 20:47:37
142,2,28,69.19,122.6828,64.679,21,26,52.7675,-125.907,2023-06-06 20:47:37
143,2,29,58.38,143.4263,43.6865,22,26,52.7526,-125.9,2023-06-06 20:47:37
144,2,24,53.17,168.0843,79.9424,64,26,52.7661,-125.9143,2023-06-06 20:47:37
145,2,23,72.21,45.5017,86.2575,6,26,52.7619,-125.9072,2023-06-06 20:47:37
146,2,30,76.05,182.1358,82.725,60,26,52.7671,-125.9033,2023-06-06 20:47:38
147,2,26,53.98,153.8698,62.5324,23,26,52.77,-125.9089,2023-06-06 20:47:38
148,2,24,76.25,196.7393,78.5824,49,26,52.7544,-125.8956,2023-06-06 20:47:38
149,2,29,61.88,180.4888,69.5608,41,26,52.7651,-125.9073,2023-06-06 20:47:38
150,2,25,56.84,193.0275,80.8305,64,26,52.7636,-125.9049,2023-06-06 20:47:38
151,2,25,61.99,22.359,71.1001,14,26,52.7546,-125.8986,2023-06-06 20:47:38
152,2,30,79.24,132.2974,54.7027,7,26,52.7595,-125.9069,2023-06-06 20:47:38
153,2,29,65.36,143.2075,87.0635,57,26,52.7587,-125.8986,2023-06-06 20:47:39
154,2,26,50.58,189.6777,48.1768,42,26,52.769,-125.8972,2023-06-06 20:47:39
155,2,23,71.48,103.1248,67.7954,0,26,52.7645,-125.8999,2023-06-06 20:47:39
156,2,29,58.83,17.765,83.6618,42,26,52.7591,-125.8975,2023-06-06 20:47:39
157,2,27,79.72,83.4385,76.4847,69,26,52.7665,-125.9017,2023-06-06 20:47:39
158,2,21,52.36,157.577,88.493,1,26,52.7638,-125.9081,2023-06-06 20:47:39
159,2,20,51.59,125.975,66.78,10,26,52.7536,-125.8996,2023-06-06 20:47:39
160,2,24,78.12,191.2985,64.2939,39,26,52.7664,-125.9103,2023-06-06 20:47:39
161,2,22,55.33,46.862,70.097,58,26,52.7604,-125.9127,2023-06-06 20:47:40
162,2,30,65.58,62.8952,60.6675,13,26,52.7534,-125.9019,2023-06-06 20:47:40
163,2,22,59.77,91.727,76.347,91,26,52.768,-125.9049,2023-06-06 20:47:40
164,2,20,76.09,116.9189,38.3512,19,26,52.7658,-125.898,2023-06-06 20:47:40
165,2,29,50.11,131.7687,54.8274,55,26,52.7641,-125.8969,2023-06-06 20:47:40
166,2,23,75.21,104.2207,51.1551,64,26,52.7674,-125.9133,2023-06-06 20:47:40
167,2,21,73.43,14.5862,55.5556,77,26,52.7587,-125.9016,2023-06-06 20:47:40
168,2,22,53.31,23.8281,73.4746,20,26,52.7567,-125.9067,2023-06-06 20:47:40
169,2,25,71.41,207.1512,80.9468,78,26,52.7629,-125.9044,2023-06-06 20:47:41
170,2,28,62.85,76.6867,54.4111,54,26,52.7501,-125.9098,2023-06-06 20:47:41
171,2,27,67.55,29.0317,62.7439,49,26,52.7527,-125.8987,2023-06-06 20:47:41
172,2,25,52.39,123.9097,84.6235,12,26,52.757,-125.9151,2023-06-06 20:47:41
173,2,23,68.34,140.3283,34.3079,78,26,52.7664,-125.9106,2023-06-06 20:47:41
174,2,20,50.93,118.3033,31.8555,29,26,52.7675,-125.9111,2023-06-06 20:47:41
175,2,28,66.7,141.645,78.4906,44,26,52.765,-125.9093,2023-06-06 20:47:41
176,2,20,52.47,124.7297,32.1446,30,26,52.7629,-125.9006,2023-06-06 20:47:41
177,2,24,77.57,22.9661,74.7293,53,26,52.7577,-125.9121,2023-06-06 20:47:42
178,2,26,51.09,134.7002,80.6105,6,26,52.7506,-125.9144,2023-06-06 20:47:42
179,2,30,77.9,95.1799,53.9458,62,26,52.7647,-125.8968,2023-06-06 20:47:42
180,2,22,52.71,172.6716,51.8646,41,26,52.7679,-125.9083,2023-06-06 20:47:42
181,2,23,71.64,148.3417,76.4332,92,26,52.7601,-125.9109,2023-06-06 20:47:42
182,2,22,61.63,56.9586,86.344,69,26,52.7641,-125.8998,2023-06-06 20:47:42
183,2,25,71.38,164.9525,61.1405,6,26,52.7616,-125.9033,2023-06-06 20:47:42
184,2,28,71.38,64.8099,52.1003,15,26,52.7612,-125.9108,2023-06-06 20:47:42
185,2,21,60.98,158.0902,78.7467,66,26,52.751,-125.8991,2023-06-06 20:47:43
186,2,28,53.21,196.8827,70.9627,31,26,52.7614,-125.9118,2023-06-06 20:47:43
187,2,28,71.49,86.8999,59.9839,75,26,52.7671,-125.9042,2023-06-06 20:47:43
188,2,27,70.17,61.6376,75.9179,35,26,52.7568,-125.9075,2023-06-06 20:47:43
189,2,23,60.03,151.3683,53.507,50,26,52.7692,-125.9048,2023-06-06 20:47:43
190,2,28,70.16,7.0722,36.3816,62,26,52.7633,-125.9066,2023-06-06 20:47:43
191,2,24,65.09,64.2584,56.8619,51,26,52.7584,-125.8983,2023-06-06 20:47:43
192,2,27,61.95,156.8802,84.1908,30,26,52.7555,-125.9067,2023-06-06 20:47:43
193,2,22,58.73,86.096,89.2225,94,26,52.7604,-125.9039,2023-06-06 20:47:44
194,2,30,64.41,62.6036,73.1243,51,26,52.7675,-125.8971,2023-06-06 20:47:44
195,2,24,79.46,73.6362,75.1535,76,26,52.7566,-125.9093,2023-06-06 20:47:44
196,2,30,50.04,153.0714,46.4808,31,26,52.7533,-125.8998,2023-06-06 20:47:44
197,2,30,64.97,179.0228,41.6827,44,26,52.7525,-125.9103,2023-06-06 20:47:44
198,2,22,69.6,135.6416,47.422,80,26,52.7598,-125.9059,2023-06-06 20:47:44
199,2,25,63.77,162.8464,56.2309,2,26,52.7659,-125.9073,2023-06-06 20:47:44
200,2,22,79.99,56.5783,81.5741,95,26,52.762,-125.8962,2023-06-06 20:47:44
201,3,29,66.86,145.2244,87.2026,55,30,35.7008,21.2184,2023-06-06 20:47:57
202,3,24,69.44,18.0411,87.0217,86,30,35.6952,21.2191,2023-06-06 20:47:57
203,3,29,58.27,158.472,36.1649,36,30,35.7078,21.2291,2023-06-06 20:47:57
204,3,22,78.26,107.6411,59.1656,43,30,35.7012,21.2258,2023-06-06 20:47:57
205,3,27,70.63,76.2743,50.6704,86,30,35.7051,21.2192,2023-06-06 20:47:57
206,3,23,61.32,129.7769,33.8997,51,30,35.7126,21.2156,2023-06-06 20:47:57
207,3,23,54.95,169.3069,81.8557,100,30,35.7085,21.224,2023-06-06 20:47:58
208,3,24,75.15,77.4667,87.0341,88,30,35.7129,21.2229,2023-06-06 20:47:58
209,3,21,64.77,84.8901,57.0103,29,30,35.7095,21.2249,2023-06-06 20:47:58
210,3,29,64.38,24.3123,85.5353,92,30,35.7029,21.2165,2023-06-06 20:47:58
211,3,26,54.01,172.5063,78.1754,96,30,35.6996,21.2214,2023-06-06 20:47:58
212,3,29,58.76,10.6184,47.1508,42,30,35.7099,21.2276,2023-06-06 20:47:58
213,3,28,52.73,62.2862,74.86,11,30,35.7022,21.2196,2023-06-06 20:47:58
214,3,25,50.45,199.0548,72.3753,36,30,35.6962,21.228,2023-06-06 20:47:58
215,3,23,71.59,48.5641,53.4051,60,30,35.7071,21.2229,2023-06-06 20:47:59
216,3,26,72.52,5.8473,68.7151,27,30,35.7,21.2249,2023-06-06 20:47:59
217,3,20,53.81,83.4552,30.4849,2,30,35.7085,21.2335,2023-06-06 20:47:59
218,3,22,71.33,194.9826,85.4668,93,30,35.7013,21.2192,2023-06-06 20:47:59
219,3,26,54.46,96.7648,61.991,79,30,35.7043,21.2258,2023-06-06 20:47:59
220,3,26,71.32,52.8779,57.4469,62,30,35.7137,21.2205,2023-06-06 20:47:59
221,3,29,79.04,2.1827,78.9591,75,30,35.6954,21.2321,2023-06-06 20:47:59
222,3,24,78.13,64.4312,85.8579,94,28,35.7037,21.2193,2023-06-06 20:47:59
223,3,30,53.31,176.1048,76.5129,100,28,35.6975,21.2328,2023-06-06 20:48:00
224,3,21,73.44,124.0833,62.8697,48,28,35.6989,21.22,2023-06-06 20:48:00
225,3,30,50.47,13.0556,75.314,19,28,35.7105,21.2344,2023-06-06 20:48:00
226,3,28,72.08,166.3699,75.4682,91,28,35.7003,21.2343,2023-06-06 20:48:00
227,3,25,52.0,14.5859,30.6229,15,28,35.6988,21.2202,2023-06-06 20:48:00
228,3,25,67.25,17.7331,82.6083,17,28,35.6997,21.2307,2023-06-06 20:48:00
229,3,21,52.7,142.0983,33.2493,60,28,35.7047,21.2241,2023-06-06 20:48:00
230,3,26,59.96,16.095,82.9041,66,28,35.714,21.2234,2023-06-06 20:48:00
231,3,29,50.97,92.2742,54.2312,85,28,35.7026,21.2352,2023-06-06 20:48:01
232,3,27,57.9,30.9577,81.9552,99,26,35.7037,21.2216,2023-06-06 20:48:01
233,3,24,77.17,17.7308,71.532,36,26,35.7017,21.2245,2023-06-06 20:48:01
234,3,23,56.07,36.8628,50.1701,57,26,35.699,21.2353,2023-06-06 20:48:01
235,3,22,71.94,189.716,30.1953,33,26,35.7032,21.2236,2023-06-06 20:48:01
236,3,22,58.6,64.0052,63.238,45,26,35.7014,21.2325,2023-06-06 20:48:01
237,3,21,65.66,20.9734,36.7389,11,26,35.707,21.2156,2023-06-06 20:48:01
238,3,23,51.81,61.4694,46.1959,6,26,35.6953,21.2304,2023-06-06 20:48:02
239,3,26,66.08,143.7396,78.36,19,26,35.6974,21.2242,2023-06-06 20:48:02
240,3,25,65.54,55.5821,39.9036,51,26,35.7075,21.218,2023-06-06 20:48:02
241,3,21,60.51,85.6632,41.167,76,26,35.6983,21.2308,2023-06-06 20:48:02
242,3,20,79.55,146.8466,50.5968,70,26,35.6977,21.2329,2023-06-06 20:48:02
243,3,28,71.79,187.3137,31.7818,25,26,35.6962,21.2318,2023-06-06 20:48:02
244,3,21,77.25,36.281,46.5026,28,26,35.7073,21.2202,2023-06-06 20:48:02
245,3,30,57.04,197.2755,80.4635,93,24,35.7038,21.2222,2023-06-06 20:48:02
246,3,26,56.56,123.3226,40.5402,9,24,35.7119,21.2329,2023-06-06 20:48:03
247,3,29,50.08,9.684,46.6079,76,24,35.6988,21.2334,2023-06-06 20:48:03
248,3,28,64.82,136.7249,84.388,7,24,35.7029,21.2189,2023-06-06 20:48:03
249,3,20,60.58,4.6736,49.5929,26,24,35.709,21.2156,2023-06-06 20:48:03
250,3,27,50.55,23.7382,66.4182,48,24,35.7064,21.2337,2023-06-06 20:48:03
251,3,26,57.02,130.0742,79.4401,16,24,35.696,21.2344,2023-06-06 20:48:03
252,3,23,71.36,140.023,72.2372,50,24,35.6956,21.235,2023-06-06 20:48:03
253,3,26,79.31,51.3004,54.0123,56,24,35.7025,21.2309,2023-06-06 20:48:03
254,3,20,55.92,163.7638,51.893,79,24,35.7139,21.2284,2023-06-06 20:48:04
255,3,22,62.23,70.7079,71.0076,31,24,35.7063,21.2163,2023-06-06 20:48:04
256,3,26,74.01,5.7536,56.4083,9,24,35.7133,21.2256,2023-06-06 20:48:04
257,3,26,55.87,121.4558,71.9094,8,24,35.7019,21.2285,2023-06-06 20:48:04
258,3,23,79.98,134.2881,77.3425,39,24,35.7118,21.2163,2023-06-06 20:48:04
259,3,20,58.94,56.0632,31.9501,76,24,35.6993,21.2226,2023-06-06 20:48:04
260,3,23,61.72,141.5994,74.8737,58,24,35.7092,21.23,2023-06-06 20:48:04
261,3,22,76.8,8.2872,86.7926,94,24,35.6982,21.2289,2023-06-06 20:48:04
262,3,29,60.46,64.9734,52.4672,14,24,35.7119,21.2292,2023-06-06 20:48:05
263,3,21,75.91,70.2827,85.2116,94,24,35.714,21.2238,2023-06-06 20:48:05
264,3,23,67.33,59.9303,73.1379,94,24,35.7017,21.2277,2023-06-06 20:48:05
265,3,27,63.07,147.0305,58.0734,59,24,35.7057,21.2293,2023-06-06 20:48:05
266,3,29,65.36,46.8144,72.293,39,24,35.715,21.2178,2023-06-06 20:48:05
267,3,27,70.25,144.8541,34.7674,9,24,35.702,21.2243,2023-06-06 20:48:05
268,3,20,60.66,38.7397,70.9383,99,24,35.7062,21.2281,2023-06-06 20:48:05
269,3,21,76.51,8.1581,38.8286,51,24,35.7031,21.2301,2023-06-06 20:48:05
270,3,27,59.22,141.6094,51.2382,10,24,35.6951,21.2168,2023-06-06 20:48:06
271,3,21,54.0,174.0685,35.665,26,24,35.7143,21.2179,2023-06-06 20:48:06
272,3,20,73.94,177.1941,74.1553,15,24,35.7035,21.2343,2023-06-06 20:48:06
273,3,21,68.54,42.0011,74.7635,53,24,35.7055,21.2227,2023-06-06 20:48:06
274,3,30,62.21,70.0092,80.5765,44,24,35.6979,21.2169,2023-06-06 20:48:06
275,3,28,68.76,72.901,68.5974,87,24,35.6973,21.2289,2023-06-06 20:48:06
276,3,20,62.6,94.5524,50.1363,4,24,35.7011,21.2276,2023-06-06 20:48:06
277,3,26,51.97,21.6276,77.1943,16,24,35.6967,21.2187,2023-06-06 20:48:06
278,3,24,63.05,4.6877,77.847,57,24,35.7028,21.2227,2023-06-06 20:48:07
279,3,27,70.55,84.4806,59.424,88,24,35.6974,21.2279,2023-06-06 20:48:07
280,3,24,75.85,197.2855,65.1964,80,24,35.7028,21.2165,2023-06-06 20:48:07
281,3,24,63.45,109.1734,47.8347,6,24,35.7033,21.2213,2023-06-06 20:48:07
282,3,29,50.22,107.4408,54.4161,61,24,35.6993,21.2189,2023-06-06 20:48:07
283,3,21,64.91,14.7293,87.9267,2,24,35.7062,21.2187,2023-06-06 20:48:07
284,3,29,54.6,178.0512,72.4407,81,24,35.7035,21.235,2023-06-06 20:48:07
285,3,24,74.92,13.4891,47.0011,75,24,35.6965,21.2245,2023-06-06 20:48:07
286,3,20,68.22,4.3657,49.4636,43,24,35.7087,21.2168,2023-06-06 20:48:08
287,3,27,78.69,87.0737,37.2265,53,24,35.6994,21.2227,2023-06-06 20:48:08
288,3,23,71.3,74.5479,68.4196,17,24,35.7131,21.2219,2023-06-06 20:48:08
289,3,26,72.83,57.9495,82.7046,99,24,35.7091,21.2169,2023-06-06 20:48:08
290,3,23,58.47,142.1908,39.3291,17,24,35.6982,21.2257,2023-06-06 20:48:08
291,3,21,66.52,143.6182,70.1728,55,24,35.7119,21.2264,2023-06-06 20:48:08
292,3,27,52.11,105.5837,85.8831,1,24,35.7002,21.2198,2023-06-06 20:48:08
293,3,30,69.44,166.0479,44.4515,61,24,35.701,21.227,2023-06-06 20:48:09
294,3,23,51.4,72.0503,79.6693,98,24,35.6976,21.2335,2023-06-06 20:48:09
295,3,23,54.11,36.2711,82.8098,35,24,35.7093,21.2303,2023-06-06 20:48:09
296,3,22,72.66,43.2352,50.8657,53,24,35.7033,21.2262,2023-06-06 20:48:09
297,3,26,75.66,17.3306,84.0921,31,24,35.6994,21.2308,2023-06-06 20:48:09
298,3,24,53.21,23.9551,79.8544,91,24,35.6984,21.2337,2023-06-06 20:48:09
299,3,30,79.38,170.2861,69.8518,18,24,35.712,21.2306,2023-06-06 20:48:09
300,3,24,71.21,121.0885,43.6307,88,24,35.6994,21.2291,2023-06-06 20:48:09
301,4,27,65.03,65.4158,73.0799,75,30,-45.8992,-164.8791,2023-06-06 20:48:28
302,4,21,67.48,33.4945,52.4727,77,30,-45.9097,-164.8978,2023-06-06 20:48:28
303,4,29,51.07,55.5243,70.4767,66,30,-45.9112,-164.8943,2023-06-06 20:48:28
304,4,30,58.38,26.9908,57.2338,26,30,-45.9108,-164.8862,2023-06-06 20:48:29
305,4,27,56.76,35.9567,85.5907,15,30,-45.9038,-164.8827,2023-06-06 20:48:29
306,4,22,71.44,3.1102,73.7495,80,30,-45.8993,-164.895,2023-06-06 20:48:29
307,4,22,54.21,154.6391,84.1653,45,30,-45.8959,-164.8799,2023-06-06 20:48:29
308,4,22,59.37,180.4439,42.3954,33,30,-45.9113,-164.8975,2023-06-06 20:48:29
309,4,27,60.81,180.152,65.9673,74,30,-45.9036,-164.8918,2023-06-06 20:48:29
310,4,22,79.88,42.7242,67.5145,56,30,-45.9128,-164.8983,2023-06-06 20:48:29
311,4,20,68.44,84.9833,75.6481,19,30,-45.9129,-164.888,2023-06-06 20:48:29
312,4,25,50.22,136.5268,30.701,61,30,-45.9023,-164.8909,2023-06-06 20:48:30
313,4,29,56.42,31.7316,76.0255,73,30,-45.9094,-164.889,2023-06-06 20:48:30
314,4,22,73.22,113.7365,80.2587,65,30,-45.9103,-164.881,2023-06-06 20:48:30
315,4,22,52.83,80.18,76.7787,4,30,-45.8981,-164.8976,2023-06-06 20:48:30
316,4,24,72.54,67.8076,69.862,61,30,-45.8987,-164.8806,2023-06-06 20:48:30
317,4,21,69.45,199.1099,63.8222,82,30,-45.9085,-164.8817,2023-06-06 20:48:30
318,4,30,72.89,23.5595,43.6837,4,30,-45.8966,-164.8939,2023-06-06 20:48:30
319,4,27,56.72,110.4513,33.7514,45,30,-45.8961,-164.8949,2023-06-06 20:48:30
320,4,25,78.89,132.3355,71.1025,53,30,-45.9021,-164.8864,2023-06-06 20:48:31
321,4,21,65.74,21.721,47.6432,80,30,-45.9018,-164.8891,2023-06-06 20:48:31
322,4,29,70.21,189.6771,67.3012,12,30,-45.908,-164.8839,2023-06-06 20:48:31
323,4,28,69.81,195.1127,64.174,64,30,-45.8994,-164.886,2023-06-06 20:48:31
324,4,25,52.98,173.2218,71.1997,6,30,-45.9067,-164.8927,2023-06-06 20:48:31
325,4,26,61.65,122.2364,71.4681,97,30,-45.9115,-164.8948,2023-06-06 20:48:31
326,4,23,59.58,180.6426,37.7924,71,30,-45.9001,-164.8837,2023-06-06 20:48:31
327,4,26,75.74,97.6496,78.1166,56,30,-45.91,-164.8865,2023-06-06 20:48:31
328,4,26,72.74,189.0752,47.0768,47,30,-45.9028,-164.8803,2023-06-06 20:48:32
329,4,28,70.24,66.9407,39.2224,70,30,-45.9141,-164.8859,2023-06-06 20:48:32
330,4,30,73.59,60.6631,32.0343,72,30,-45.9075,-164.8911,2023-06-06 20:48:32
331,4,23,52.76,76.9573,89.3437,28,30,-45.9029,-164.8798,2023-06-06 20:48:32
332,4,23,79.24,142.9433,43.7182,14,30,-45.9064,-164.8827,2023-06-06 20:48:32
333,4,23,53.19,43.892,54.1195,71,30,-45.8945,-164.8973,2023-06-06 20:48:32
334,4,26,58.81,106.4111,36.6872,68,30,-45.9111,-164.8883,2023-06-06 20:48:32
335,4,29,72.37,77.8426,73.2671,86,30,-45.8953,-164.8806,2023-06-06 20:48:32
336,4,20,62.37,31.9067,81.6436,100,30,-45.9023,-164.8877,2023-06-06 20:48:33
337,4,27,55.31,37.2322,53.8987,9,30,-45.8988,-164.8796,2023-06-06 20:48:33
338,4,30,79.01,27.6766,66.4227,59,30,-45.9043,-164.88,2023-06-06 20:48:33
339,4,21,63.24,30.561,35.5147,17,30,-45.9047,-164.8951,2023-06-06 20:48:33
340,4,30,58.86,101.2739,74.8333,34,30,-45.9079,-164.887,2023-06-06 20:48:33
341,4,20,75.68,28.2545,82.8142,97,30,-45.9139,-164.8823,2023-06-06 20:48:33
342,4,22,63.86,186.6302,52.4837,48,30,-45.9044,-164.8945,2023-06-06 20:48:33
343,4,29,69.95,158.1497,87.2194,3,30,-45.901,-164.8972,2023-06-06 20:48:33
344,4,30,51.1,191.2236,57.0274,2,30,-45.9057,-164.894,2023-06-06 20:48:34
345,4,29,64.72,65.0926,83.4523,90,30,-45.9104,-164.8933,2023-06-06 20:48:34
346,4,26,55.43,146.5427,42.9627,27,30,-45.8966,-164.8924,2023-06-06 20:48:34
347,4,21,55.23,130.2919,65.3485,76,30,-45.8981,-164.8894,2023-06-06 20:48:34
348,4,21,79.89,102.8489,88.0523,72,30,-45.9075,-164.8868,2023-06-06 20:48:34
349,4,29,53.79,116.3199,87.1094,76,30,-45.8995,-164.8926,2023-06-06 20:48:34
350,4,23,69.23,102.9836,54.6116,12,30,-45.8949,-164.8821,2023-06-06 20:48:34
351,4,29,58.25,142.3573,58.9562,75,30,-45.9059,-164.8936,2023-06-06 20:48:35
352,4,27,68.91,157.3986,65.5431,37,30,-45.9078,-164.8895,2023-06-06 20:48:35
353,4,23,66.86,104.0486,36.3621,71,30,-45.8961,-164.8921,2023-06-06 20:48:35
354,4,23,67.12,133.5915,76.3553,60,30,-45.9071,-164.8898,2023-06-06 20:48:35
355,4,27,58.49,71.2486,74.3834,91,30,-45.9096,-164.8862,2023-06-06 20:48:35
356,4,25,78.07,1.3862,63.414,34,30,-45.9012,-164.8836,2023-06-06 20:48:35
357,4,29,74.36,118.8674,55.7336,40,30,-45.9083,-164.8811,2023-06-06 20:48:35
358,4,30,57.49,208.9013,43.6956,23,30,-45.9032,-164.8847,2023-06-06 20:48:35
359,4,22,64.65,101.2116,76.9853,38,30,-45.9092,-164.891,2023-06-06 20:48:36
360,4,20,60.61,189.8046,87.4202,35,30,-45.9135,-164.889,2023-06-06 20:48:36
361,4,29,71.32,44.3672,56.7382,21,30,-45.8944,-164.887,2023-06-06 20:48:36
362,4,28,78.54,72.1191,85.0062,61,30,-45.9077,-164.8922,2023-06-06 20:48:36
363,4,26,77.09,47.3545,31.7626,15,30,-45.9027,-164.8864,2023-06-06 20:48:36
364,4,25,75.99,122.6913,61.761,53,30,-45.9105,-164.8808,2023-06-06 20:48:36
365,4,22,57.03,104.4131,85.8127,74,30,-45.9109,-164.8968,2023-06-06 20:48:36
366,4,26,61.81,108.1662,87.3593,77,30,-45.9087,-164.8789,2023-06-06 20:48:36
367,4,23,51.31,18.7693,38.9501,52,30,-45.8953,-164.8948,2023-06-06 20:48:37
368,4,23,64.54,37.4896,47.9311,28,30,-45.9013,-164.8797,2023-06-06 20:48:37
369,4,25,67.59,120.9276,39.3725,25,30,-45.9069,-164.8889,2023-06-06 20:48:37
370,4,28,51.64,129.0118,67.5516,30,30,-45.8993,-164.8942,2023-06-06 20:48:37
371,4,22,56.91,65.6832,32.0893,73,30,-45.9039,-164.8868,2023-06-06 20:48:37
372,4,23,61.92,92.7585,68.5659,62,30,-45.8955,-164.8806,2023-06-06 20:48:37
373,4,25,55.16,16.978,80.1622,92,30,-45.8954,-164.8914,2023-06-06 20:48:37
374,4,27,60.16,124.0062,64.9234,3,30,-45.912,-164.8821,2023-06-06 20:48:37
375,4,27,71.52,168.0579,61.7831,26,30,-45.9023,-164.8803,2023-06-06 20:48:38
376,4,29,50.74,41.3656,55.4546,77,30,-45.8959,-164.8803,2023-06-06 20:48:38
377,4,30,63.17,106.4992,55.9842,60,30,-45.8964,-164.8937,2023-06-06 20:48:38
378,4,28,78.19,114.4048,66.6611,28,30,-45.9106,-164.8871,2023-06-06 20:48:38
379,4,24,56.32,112.4435,86.1877,13,30,-45.9034,-164.8886,2023-06-06 20:48:38
380,4,27,55.31,199.4143,79.1478,99,30,-45.9091,-164.8843,2023-06-06 20:48:38
381,4,21,61.28,157.2606,35.8093,43,30,-45.9075,-164.885,2023-06-06 20:48:38
382,4,24,63.55,129.544,71.9099,96,30,-45.9013,-164.8912,2023-06-06 20:48:38
383,4,21,64.09,159.8338,72.5084,77,30,-45.9079,-164.8971,2023-06-06 20:48:39
384,4,20,64.4,186.3654,52.705,26,30,-45.901,-164.8934,2023-06-06 20:48:39
385,4,28,70.01,61.6359,76.6335,99,30,-45.9089,-164.8921,2023-06-06 20:48:39
386,4,28,78.78,179.6641,53.8024,72,30,-45.9141,-164.8807,2023-06-06 20:48:39
387,4,26,69.66,0.1837,85.7403,87,30,-45.9012,-164.8837,2023-06-06 20:48:39
388,4,23,79.62,18.0994,56.8676,78,30,-45.9091,-164.8905,2023-06-06 20:48:39
389,4,29,79.63,157.07,51.4811,52,30,-45.8957,-164.8797,2023-06-06 20:48:39
390,4,20,75.98,81.2724,88.4016,94,30,-45.9014,-164.8897,2023-06-06 20:48:39
391,4,27,50.61,118.5224,45.3432,41,30,-45.9091,-164.8913,2023-06-06 20:48:40
392,4,26,53.48,102.113,46.3664,49,30,-45.9095,-164.8894,2023-06-06 20:48:40
393,4,26,62.54,178.2767,63.2626,36,30,-45.911,-164.8845,2023-06-06 20:48:40
394,4,29,62.77,188.612,88.6247,96,30,-45.9069,-164.8928,2023-06-06 20:48:40
395,4,24,77.58,0.7679,67.6591,6,30,-45.8996,-164.8869,2023-06-06 20:48:40
396,4,21,62.85,121.3,69.1699,48,30,-45.905,-164.8952,2023-06-06 20:48:40
397,4,29,67.18,37.1214,56.1692,86,30,-45.9142,-164.8976,2023-06-06 20:48:40
398,4,30,67.94,159.0877,83.6856,8,30,-45.9073,-164.8952,2023-06-06 20:48:40
399,4,24,72.41,65.003,71.8318,91,30,-45.9009,-164.8896,2023-06-06 20:48:41
400,4,30,58.3,24.9262,43.6847,32,30,-45.8984,-164.8932,2023-06-06 20:48:41
401,5,22,66.32,152.5552,85.5489,34,30,-16.7584,-16.5802,2023-06-06 20:48:44
402,5,23,73.05,153.2475,52.6039,32,30,-16.756,-16.5642,2023-06-06 20:48:45
403,5,29,64.07,119.5191,31.0387,6,30,-16.7523,-16.5731,2023-06-06 20:48:45
404,5,25,66.0,155.4025,82.9616,39,30,-16.7522,-16.5818,2023-06-06 20:48:45
405,5,30,56.26,149.874,85.6614,29,30,-16.754,-16.5804,2023-06-06 20:48:45
406,5,26,65.09,116.2312,50.2264,8,30,-16.7402,-16.5747,2023-06-06 20:48:45
407,5,20,52.71,134.866,57.4464,45,30,-16.7581,-16.5667,2023-06-06 20:48:45
408,5,20,77.89,29.0403,83.2226,53,30,-16.7478,-16.565,2023-06-06 20:48:45
409,5,27,64.34,1.6349,80.084,9,30,-16.7485,-16.571,2023-06-06 20:48:46
410,5,23,68.13,69.7074,31.4807,37,30,-16.7421,-16.5825,2023-06-06 20:48:46
411,5,20,55.13,130.5623,30.8031,18,30,-16.7498,-16.568,2023-06-06 20:48:46
412,5,26,59.39,107.1528,71.8409,72,30,-16.7411,-16.5721,2023-06-06 20:48:46
413,5,26,51.53,114.4644,65.0562,70,30,-16.7508,-16.5714,2023-06-06 20:48:46
414,5,22,57.77,134.3009,38.231,6,30,-16.7456,-16.5722,2023-06-06 20:48:46
415,5,26,57.36,13.9423,49.2856,14,30,-16.7507,-16.5808,2023-06-06 20:48:46
416,5,24,52.33,199.276,44.9242,55,30,-16.7557,-16.5669,2023-06-06 20:48:46
417,5,27,53.91,22.3708,50.6356,52,30,-16.7528,-16.5791,2023-06-06 20:48:47
418,5,22,53.82,18.0385,52.1986,30,30,-16.7592,-16.5731,2023-06-06 20:48:47
419,5,28,70.5,108.0599,88.3161,33,30,-16.745,-16.5719,2023-06-06 20:48:47
420,5,30,54.99,14.573,76.3003,89,30,-16.7513,-16.5642,2023-06-06 20:48:47
421,5,20,69.74,59.0224,71.6795,24,30,-16.7442,-16.5785,2023-06-06 20:48:47
422,5,28,67.34,99.9777,76.9519,56,30,-16.7542,-16.563,2023-06-06 20:48:47
423,5,25,65.86,35.7563,84.7808,79,30,-16.7573,-16.5701,2023-06-06 20:48:47
424,5,24,64.07,165.0792,83.5168,82,30,-16.7455,-16.5689,2023-06-06 20:48:47
425,5,23,79.89,188.1356,86.5312,98,30,-16.7589,-16.5691,2023-06-06 20:48:48
426,5,21,73.63,150.9468,84.6748,47,30,-16.7582,-16.5744,2023-06-06 20:48:48
427,5,22,67.79,181.0706,86.7013,60,30,-16.7425,-16.5628,2023-06-06 20:48:48
428,5,28,73.42,12.7846,85.4563,93,30,-16.7408,-16.58,2023-06-06 20:48:48
429,5,29,74.86,141.1498,32.0984,6,30,-16.7513,-16.571,2023-06-06 20:48:48
430,5,25,74.14,119.8051,57.9606,86,30,-16.7524,-16.5737,2023-06-06 20:48:48
431,5,20,63.04,52.858,75.6247,19,30,-16.7439,-16.5826,2023-06-06 20:48:48
432,5,24,64.66,99.0678,42.7729,16,30,-16.7409,-16.5817,2023-06-06 20:48:48
433,5,28,69.65,59.737,43.2958,85,30,-16.7425,-16.581,2023-06-06 20:48:49
434,5,20,74.2,164.8406,74.5786,90,28,-16.7428,-16.566,2023-06-06 20:48:49
435,5,21,56.7,177.3047,78.6373,91,28,-16.747,-16.5632,2023-06-06 20:48:49
436,5,26,78.66,12.2105,62.7172,65,28,-16.7549,-16.5825,2023-06-06 20:48:49
437,5,24,50.11,187.5617,86.2823,92,28,-16.7445,-16.5769,2023-06-06 20:48:49
438,5,23,75.11,145.8074,84.0275,57,28,-16.7582,-16.5808,2023-06-06 20:48:49
439,5,22,57.69,5.6429,72.8757,90,28,-16.7564,-16.582,2023-06-06 20:48:49
440,5,28,74.25,141.5757,82.2498,65,28,-16.7463,-16.5732,2023-06-06 20:48:49
441,5,30,54.01,187.8537,45.2602,72,28,-16.7482,-16.578,2023-06-06 20:48:50
442,5,23,54.69,42.3599,86.8757,71,28,-16.755,-16.5632,2023-06-06 20:48:50
443,5,26,69.54,87.1265,76.0836,47,28,-16.7455,-16.5629,2023-06-06 20:48:50
444,5,27,53.96,34.983,51.5412,10,28,-16.7505,-16.5727,2023-06-06 20:48:50
445,5,29,79.04,10.0904,73.4017,31,28,-16.7488,-16.5742,2023-06-06 20:48:50
446,5,27,51.29,146.0892,31.7512,84,28,-16.745,-16.5772,2023-06-06 20:48:50
447,5,30,75.12,147.7626,52.1649,21,28,-16.7403,-16.5706,2023-06-06 20:48:50
448,5,26,63.46,69.944,59.8788,69,28,-16.7594,-16.571,2023-06-06 20:48:50
449,5,25,54.35,87.393,54.5937,67,28,-16.7481,-16.5776,2023-06-06 20:48:51
450,5,23,53.35,29.6682,59.6848,83,28,-16.747,-16.569,2023-06-06 20:48:51
451,5,29,71.7,1.3081,32.3928,24,28,-16.7401,-16.5769,2023-06-06 20:48:51
452,5,24,70.63,171.5128,55.5702,36,28,-16.742,-16.5733,2023-06-06 20:48:51
453,5,26,76.4,127.1535,53.6324,81,28,-16.7522,-16.5645,2023-06-06 20:48:51
454,5,25,60.71,44.5772,75.6137,8,28,-16.7422,-16.5798,2023-06-06 20:48:51
455,5,23,64.99,159.5691,75.1661,30,28,-16.7473,-16.5821,2023-06-06 20:48:51
456,5,21,68.46,108.0133,48.785,11,28,-16.7471,-16.5661,2023-06-06 20:48:51
457,5,24,52.19,14.6198,49.1394,47,28,-16.7558,-16.5739,2023-06-06 20:48:52
458,5,25,50.94,162.734,54.3164,21,28,-16.7414,-16.5811,2023-06-06 20:48:52
459,5,27,54.25,76.7541,83.6445,21,28,-16.7412,-16.5746,2023-06-06 20:48:52
460,5,23,73.15,130.5593,46.5436,11,28,-16.7504,-16.5661,2023-06-06 20:48:52
461,5,30,75.48,130.4464,78.5614,15,28,-16.7569,-16.5754,2023-06-06 20:48:52
462,5,21,55.5,63.3643,77.8509,99,28,-16.7429,-16.572,2023-06-06 20:48:52
463,5,24,61.3,2.8689,75.3054,51,28,-16.7567,-16.5717,2023-06-06 20:48:52
464,5,25,55.3,161.8227,52.4193,39,28,-16.7496,-16.5804,2023-06-06 20:48:53
465,5,24,61.43,59.0465,71.0172,76,28,-16.7477,-16.5774,2023-06-06 20:48:53
466,5,21,57.81,110.7521,87.1015,8,28,-16.757,-16.5766,2023-06-06 20:48:53
467,5,25,79.22,168.5251,61.9147,42,28,-16.755,-16.5718,2023-06-06 20:48:53
468,5,20,76.75,146.6312,38.2161,36,28,-16.7442,-16.5752,2023-06-06 20:48:53
469,5,22,59.54,70.1556,82.5595,99,26,-16.7497,-16.5662,2023-06-06 20:48:53
470,5,30,63.32,26.7923,36.6361,0,26,-16.7474,-16.5688,2023-06-06 20:48:53
471,5,21,76.88,85.1846,72.8895,41,26,-16.7589,-16.5784,2023-06-06 20:48:53
472,5,28,55.7,138.2115,31.2744,82,26,-16.7547,-16.5666,2023-06-06 20:48:54
473,5,21,63.47,146.2249,37.6799,35,26,-16.7515,-16.5642,2023-06-06 20:48:54
474,5,21,78.13,19.7225,88.2096,64,26,-16.7483,-16.5734,2023-06-06 20:48:54
475,5,24,59.79,19.6814,82.7327,88,26,-16.7479,-16.5808,2023-06-06 20:48:54
476,5,22,57.69,160.0078,50.4208,87,26,-16.756,-16.5698,2023-06-06 20:48:54
477,5,25,60.72,160.7523,46.7114,22,26,-16.7436,-16.5753,2023-06-06 20:48:54
478,5,27,61.74,25.6579,87.6738,39,26,-16.7402,-16.5817,2023-06-06 20:48:54
479,5,21,53.85,57.1037,51.2251,47,26,-16.7537,-16.5692,2023-06-06 20:48:54
480,5,25,53.59,38.4041,80.3548,50,26,-16.7462,-16.5741,2023-06-06 20:48:55
481,5,29,79.05,141.0053,44.244,2,26,-16.7411,-16.5819,2023-06-06 20:48:55
482,5,27,61.16,11.5076,50.909,84,26,-16.7434,-16.5692,2023-06-06 20:48:55
483,5,25,72.02,128.9154,46.6252,51,26,-16.7443,-16.569,2023-06-06 20:48:55
484,5,21,78.26,133.5046,43.4746,51,26,-16.7432,-16.5671,2023-06-06 20:48:55
485,5,26,54.15,82.8209,73.1226,57,26,-16.7434,-16.5785,2023-06-06 20:48:55
486,5,24,58.08,29.6479,45.3346,69,26,-16.7454,-16.5737,2023-06-06 20:48:55
487,5,28,72.98,132.1596,85.2084,53,26,-16.7567,-16.5708,2023-06-06 20:48:55
488,5,22,50.78,137.1603,80.9403,94,26,-16.7586,-16.576,2023-06-06 20:48:56
489,5,27,69.79,96.8911,41.954,37,26,-16.7447,-16.566,2023-06-06 20:48:56
490,5,27,77.51,198.4059,69.5346,44,26,-16.7494,-16.5647,2023-06-06 20:48:56
491,5,28,51.72,126.7113,72.7015,11,26,-16.7467,-16.5689,2023-06-06 20:48:56
492,5,24,64.61,108.937,80.8517,29,26,-16.7553,-16.5798,2023-06-06 20:48:56
493,5,20,64.79,196.6179,77.4056,40,26,-16.7428,-16.5768,2023-06-06 20:48:56
494,5,30,72.79,76.7002,39.3516,0,26,-16.7524,-16.5825,2023-06-06 20:48:56
495,5,23,73.78,122.8864,86.0521,4,26,-16.7551,-16.5696,2023-06-06 20:48:56
496,5,22,61.48,36.3019,48.1749,69,26,-16.7507,-16.5708,2023-06-06 20:48:57
497,5,21,61.3,135.9497,88.3302,22,26,-16.7441,-16.5628,2023-06-06 20:48:57
498,5,27,57.65,154.2621,75.3744,90,26,-16.7557,-16.5666,2023-06-06 20:48:57
499,5,24,77.35,141.1333,86.6219,92,26,-16.7579,-16.5637,2023-06-06 20:48:57
500,5,26,77.78,1.0623,80.5798,98,26,-16.7499,-16.5706,2023-06-06 20:48:57
501,6,24,77.33,44.3992,52.4046,26,30,-30.4484,-55.1624,2023-06-06 20:49:00
502,6,22,60.03,34.2797,78.5993,93,30,-30.4619,-55.1632,2023-06-06 20:49:01
503,6,25,53.8,28.1234,31.2529,41,30,-30.4625,-55.174,2023-06-06 20:49:01
504,6,24,53.58,21.9132,66.805,9,30,-30.4553,-55.1704,2023-06-06 20:49:01
505,6,23,75.66,90.1185,54.8991,53,30,-30.4594,-55.1728,2023-06-06 20:49:01
506,6,20,58.75,116.5674,88.1065,98,30,-30.4494,-55.171,2023-06-06 20:49:01
507,6,21,71.44,145.7469,69.3833,76,30,-30.446,-55.1637,2023-06-06 20:49:01
508,6,28,79.28,71.8234,66.6863,0,30,-30.4503,-55.1619,2023-06-06 20:49:01
509,6,27,70.36,0.4404,33.7297,86,30,-30.4627,-55.1717,2023-06-06 20:49:01
510,6,26,56.77,41.9126,64.1637,9,30,-30.4507,-55.1575,2023-06-06 20:49:02
511,6,24,75.22,34.7368,51.5425,5,30,-30.4494,-55.1744,2023-06-06 20:49:02
512,6,29,60.69,89.5543,63.2441,86,30,-30.4491,-55.1618,2023-06-06 20:49:02
513,6,29,50.78,61.1317,67.1426,16,30,-30.452,-55.1553,2023-06-06 20:49:02
514,6,22,68.11,149.0276,33.984,52,30,-30.4597,-55.166,2023-06-06 20:49:02
515,6,27,70.64,214.5773,87.0974,62,30,-30.4551,-55.1633,2023-06-06 20:49:02
516,6,26,65.14,57.9709,47.2065,0,30,-30.4548,-55.1652,2023-06-06 20:49:02
517,6,20,55.72,113.4231,31.6016,24,30,-30.453,-55.156,2023-06-06 20:49:02
518,6,22,79.57,36.8122,42.0728,87,30,-30.4603,-55.1604,2023-06-06 20:49:03
519,6,25,63.77,171.0377,68.0787,85,30,-30.4606,-55.1748,2023-06-06 20:49:03
520,6,20,69.48,105.946,88.692,91,30,-30.4542,-55.1639,2023-06-06 20:49:03
521,6,21,71.06,91.6881,60.9857,83,30,-30.4537,-55.1628,2023-06-06 20:49:03
522,6,30,65.65,154.4375,38.7901,44,30,-30.4581,-55.1743,2023-06-06 20:49:03
523,6,28,70.07,57.4913,66.5261,5,30,-30.461,-55.1618,2023-06-06 20:49:03
524,6,20,57.79,161.9356,59.9893,42,30,-30.4544,-55.1684,2023-06-06 20:49:03
525,6,23,63.82,90.8397,80.1076,52,30,-30.4504,-55.1723,2023-06-06 20:49:03
526,6,23,58.4,116.9594,45.5293,8,30,-30.4485,-55.1709,2023-06-06 20:49:04
527,6,24,52.09,195.4889,69.5849,44,30,-30.4509,-55.1731,2023-06-06 20:49:04
528,6,21,66.28,71.9842,87.5882,100,30,-30.4559,-55.1725,2023-06-06 20:49:04
529,6,26,71.71,141.806,39.861,56,30,-30.463,-55.1704,2023-06-06 20:49:04
530,6,29,51.21,145.8374,73.7388,94,30,-30.4591,-55.1688,2023-06-06 20:49:04
531,6,21,74.36,170.9247,61.3621,37,30,-30.4564,-55.1725,2023-06-06 20:49:04
532,6,27,52.24,174.0591,34.5397,27,30,-30.4627,-55.1628,2023-06-06 20:49:04
533,6,24,55.39,20.4163,68.1881,65,30,-30.4499,-55.1736,2023-06-06 20:49:04
534,6,22,66.69,218.47,68.1042,81,30,-30.4589,-55.168,2023-06-06 20:49:05
535,6,28,79.31,66.1176,60.2069,40,30,-30.4451,-55.1567,2023-06-06 20:49:05
536,6,30,75.82,102.2521,72.8324,39,30,-30.446,-55.1683,2023-06-06 20:49:05
537,6,29,76.27,86.5439,63.8521,14,30,-30.4599,-55.173,2023-06-06 20:49:05
538,6,20,66.99,107.0147,44.8599,2,30,-30.4628,-55.1666,2023-06-06 20:49:05
539,6,21,65.84,79.3314,77.6409,96,30,-30.457,-55.161,2023-06-06 20:49:05
540,6,23,76.7,75.8397,76.0492,41,30,-30.4606,-55.156,2023-06-06 20:49:05
541,6,23,68.62,185.0234,86.3787,22,30,-30.4557,-55.1698,2023-06-06 20:49:05
542,6,26,51.09,75.8005,31.7737,34,30,-30.461,-55.1653,2023-06-06 20:49:06
543,6,26,54.53,133.1906,58.27,27,30,-30.4503,-55.1709,2023-06-06 20:49:06
544,6,23,60.35,58.3359,85.5421,90,30,-30.4597,-55.1696,2023-06-06 20:49:06
545,6,21,64.37,98.7541,42.5346,11,30,-30.4509,-55.171,2023-06-06 20:49:06
546,6,28,77.46,157.3128,38.5183,43,30,-30.4526,-55.1724,2023-06-06 20:49:06
547,6,25,62.31,52.2884,75.9111,83,30,-30.4567,-55.1657,2023-06-06 20:49:06
548,6,20,51.33,110.7778,54.2117,83,30,-30.4568,-55.1663,2023-06-06 20:49:06
549,6,30,51.36,163.6433,86.767,73,30,-30.4595,-55.1729,2023-06-06 20:49:07
550,6,23,55.31,174.6109,67.839,86,30,-30.4497,-55.167,2023-06-06 20:49:07
551,6,21,68.19,95.6418,64.6184,76,30,-30.4559,-55.1602,2023-06-06 20:49:07
552,6,21,58.09,187.8944,55.7282,1,30,-30.4562,-55.1604,2023-06-06 20:49:07
553,6,20,53.8,21.1089,79.7962,28,30,-30.4541,-55.1603,2023-06-06 20:49:07
554,6,29,78.01,49.2883,80.8868,42,30,-30.4523,-55.1641,2023-06-06 20:49:07
555,6,28,60.65,43.8801,33.8375,43,30,-30.4566,-55.1598,2023-06-06 20:49:07
556,6,30,69.89,67.2811,47.4866,56,30,-30.4558,-55.1724,2023-06-06 20:49:07
557,6,22,52.48,102.2076,70.1574,68,30,-30.4578,-55.1713,2023-06-06 20:49:08
558,6,30,77.98,175.7109,30.5243,41,30,-30.4535,-55.171,2023-06-06 20:49:08
559,6,29,56.64,8.3148,89.5936,95,30,-30.4588,-55.1623,2023-06-06 20:49:08
560,6,24,69.06,48.7964,84.6123,27,30,-30.4509,-55.1734,2023-06-06 20:49:08
561,6,26,67.24,99.1262,61.5248,79,30,-30.4546,-55.1576,2023-06-06 20:49:08
562,6,27,62.03,6.4375,88.7021,18,30,-30.4446,-55.1732,2023-06-06 20:49:08
563,6,29,72.11,1.3643,49.3227,45,30,-30.4537,-55.17,2023-06-06 20:49:08
564,6,27,66.73,91.1262,60.5218,57,30,-30.446,-55.1728,2023-06-06 20:49:08
565,6,29,65.77,173.8865,71.9631,76,30,-30.4481,-55.156,2023-06-06 20:49:09
566,6,28,65.85,76.6881,54.5893,36,30,-30.4611,-55.1686,2023-06-06 20:49:09
567,6,25,52.33,182.3134,56.1493,8,30,-30.4591,-55.161,2023-06-06 20:49:09
568,6,23,63.22,160.5272,47.1004,20,30,-30.4596,-55.1575,2023-06-06 20:49:09
569,6,28,73.05,36.4209,54.7115,37,30,-30.4527,-55.1705,2023-06-06 20:49:09
570,6,23,55.61,4.7626,39.1599,31,30,-30.4507,-55.1661,2023-06-06 20:49:09
571,6,24,52.56,176.6449,48.2594,22,30,-30.4523,-55.1738,2023-06-06 20:49:09
572,6,26,64.05,102.244,79.6086,92,30,-30.4475,-55.1654,2023-06-06 20:49:09
573,6,22,67.18,25.4377,89.1763,88,30,-30.4478,-55.1735,2023-06-06 20:49:10
574,6,23,56.48,181.1546,75.7626,90,30,-30.4503,-55.161,2023-06-06 20:49:10
575,6,20,63.49,146.1999,75.1628,69,30,-30.4453,-55.1598,2023-06-06 20:49:10
576,6,27,68.38,158.2132,76.9503,99,30,-30.4479,-55.1688,2023-06-06 20:49:10
577,6,25,63.74,73.8673,35.1343,40,30,-30.4481,-55.1662,2023-06-06 20:49:10
578,6,20,71.38,160.0283,44.6595,8,30,-30.4535,-55.1554,2023-06-06 20:49:10
579,6,26,58.33,80.3765,86.8855,93,30,-30.4543,-55.1674,2023-06-06 20:49:10
580,6,27,66.73,103.9827,60.3483,69,30,-30.458,-55.1655,2023-06-06 20:49:10
581,6,23,76.48,126.5425,88.2329,4,30,-30.4573,-55.1602,2023-06-06 20:49:11
582,6,23,66.46,46.2097,43.736,26,30,-30.4588,-55.1707,2023-06-06 20:49:11
583,6,29,69.11,49.6639,89.5606,94,30,-30.4466,-55.158,2023-06-06 20:49:11
584,6,22,75.22,17.9225,81.5502,67,30,-30.459,-55.167,2023-06-06 20:49:11
585,6,29,67.52,37.4622,80.0905,20,30,-30.4587,-55.1647,2023-06-06 20:49:11
586,6,20,67.69,149.6009,81.2703,45,30,-30.4536,-55.1749,2023-06-06 20:49:11
587,6,23,73.34,188.7967,70.5663,90,28,-30.462,-55.1735,2023-06-06 20:49:11
588,6,21,68.26,151.4211,61.1536,4,28,-30.4495,-55.1592,2023-06-06 20:49:11
589,6,23,58.28,155.2839,56.4841,45,28,-30.4557,-55.1591,2023-06-06 20:49:12
590,6,30,72.54,56.5533,48.1703,15,28,-30.459,-55.1692,2023-06-06 20:49:12
591,6,21,63.2,151.9567,85.2908,95,26,-30.4539,-55.1719,2023-06-06 20:49:12
592,6,25,77.17,154.9811,87.8033,5,26,-30.4518,-55.1578,2023-06-06 20:49:12
593,6,28,63.86,22.2566,81.7016,87,26,-30.4485,-55.1707,2023-06-06 20:49:12
594,6,23,59.77,176.8932,87.3578,73,26,-30.447,-55.1641,2023-06-06 20:49:12
595,6,29,70.78,111.0517,60.4986,7,26,-30.4564,-55.1573,2023-06-06 20:49:12
596,6,26,61.89,44.6281,43.2446,28,26,-30.4528,-55.1579,2023-06-06 20:49:13
597,6,20,68.6,19.2473,65.2995,5,26,-30.4516,-55.1697,2023-06-06 20:49:13
598,6,23,71.42,13.7086,42.3664,56,26,-30.4552,-55.1664,2023-06-06 20:49:13
599,6,21,69.55,129.5167,73.9812,79,26,-30.4484,-55.1557,2023-06-06 20:49:13
600,6,25,67.36,134.3045,45.1474,7,26,-30.4613,-55.1637,2023-06-06 20:49:13
601,7,27,59.6,179.5384,38.2286,23,30,59.4961,146.9945,2023-06-06 20:49:17
602,7,20,51.05,155.8611,47.2655,8,30,59.4899,146.997,2023-06-06 20:49:17
603,7,28,55.47,94.9571,64.6141,57,30,59.4902,147.0082,2023-06-06 20:49:17
604,7,20,69.13,166.662,84.1325,60,30,59.5014,147.009,2023-06-06 20:49:17
605,7,27,66.99,97.7903,66.8598,27,30,59.4954,146.9962,2023-06-06 20:49:18
606,7,27,50.74,65.8854,84.2903,15,30,59.4876,147.0086,2023-06-06 20:49:18
607,7,23,70.5,78.2632,64.6159,53,30,59.4876,146.9988,2023-06-06 20:49:18
608,7,22,50.37,120.3907,84.275,12,30,59.5062,146.9977,2023-06-06 20:49:18
609,7,23,50.51,109.909,56.593,81,30,59.505,147.001,2023-06-06 20:49:18
610,7,30,72.38,51.2546,78.5395,91,30,59.4911,147.0067,2023-06-06 20:49:18
611,7,22,77.64,94.7446,49.632,26,30,59.5034,146.9987,2023-06-06 20:49:18
612,7,30,63.82,61.8165,70.3972,5,30,59.5007,147.0102,2023-06-06 20:49:18
613,7,23,55.93,65.2456,71.402,5,30,59.4893,146.9953,2023-06-06 20:49:19
614,7,21,53.46,195.1983,58.2837,57,30,59.4938,147.0098,2023-06-06 20:49:19
615,7,22,65.1,35.806,69.7707,40,30,59.5024,146.9997,2023-06-06 20:49:19
616,7,26,75.84,136.0444,66.9938,67,30,59.4947,147.0116,2023-06-06 20:49:19
617,7,27,77.33,197.172,56.5338,53,30,59.5026,146.9977,2023-06-06 20:49:19
618,7,21,73.35,157.3303,44.8466,42,30,59.4975,146.9981,2023-06-06 20:49:19
619,7,22,55.88,149.8785,51.1745,23,30,59.4992,147.0126,2023-06-06 20:49:19
620,7,21,59.25,4.186,49.2831,51,30,59.4999,147.0093,2023-06-06 20:49:19
621,7,29,64.59,186.6372,80.5922,7,30,59.5058,146.9944,2023-06-06 20:49:20
622,7,27,57.78,39.4873,52.0352,81,30,59.5013,147.0095,2023-06-06 20:49:20
623,7,30,56.32,91.6034,61.5747,73,30,59.507,147.0072,2023-06-06 20:49:20
624,7,24,72.92,17.6526,66.7774,73,30,59.497,146.9952,2023-06-06 20:49:20
625,7,26,78.23,54.7447,66.2389,9,30,59.4953,147.0008,2023-06-06 20:49:20
626,7,21,77.6,158.4035,30.6028,13,30,59.5016,146.9964,2023-06-06 20:49:20
627,7,27,70.51,67.0718,75.0069,73,30,59.4903,147.0119,2023-06-06 20:49:20
628,7,27,76.41,6.7189,72.916,36,30,59.5015,147.0047,2023-06-06 20:49:20
629,7,20,70.15,121.6452,63.6842,57,30,59.4976,146.9996,2023-06-06 20:49:21
630,7,20,77.47,159.1105,58.523,57,30,59.5039,147.0062,2023-06-06 20:49:21
631,7,29,69.35,161.9163,38.7247,14,30,59.5056,147.0122,2023-06-06 20:49:21
632,7,30,57.59,152.4347,41.944,50,30,59.4928,147.009,2023-06-06 20:49:21
633,7,30,76.61,48.0299,36.8386,0,30,59.4948,147.0115,2023-06-06 20:49:21
634,7,25,62.91,71.589,53.6703,43,30,59.4904,146.9933,2023-06-06 20:49:21
635,7,24,64.41,127.7594,60.6489,46,30,59.5035,146.9933,2023-06-06 20:49:21
636,7,23,74.6,90.5855,82.9327,7,30,59.5036,146.9996,2023-06-06 20:49:21
637,7,24,67.98,98.4964,87.2156,26,30,59.4923,146.999,2023-06-06 20:49:22
638,7,20,52.5,107.9175,73.9107,3,30,59.5011,147.0012,2023-06-06 20:49:22
639,7,25,55.67,82.3008,37.9512,41,30,59.4883,147.0063,2023-06-06 20:49:22
640,7,30,54.03,29.6442,53.0833,42,30,59.507,147.0015,2023-06-06 20:49:22
641,7,25,52.82,181.3258,60.7956,30,30,59.4938,147.0056,2023-06-06 20:49:22
642,7,25,57.36,179.671,73.61,99,30,59.4903,146.9961,2023-06-06 20:49:22
643,7,28,50.21,217.222,84.5336,95,30,59.4973,147.0106,2023-06-06 20:49:22
644,7,27,74.56,174.664,71.3529,98,30,59.4987,146.9928,2023-06-06 20:49:23
645,7,23,51.86,122.6851,80.3973,92,30,59.4928,147.0042,2023-06-06 20:49:23
646,7,20,50.92,32.3653,89.4368,22,30,59.5003,147.0,2023-06-06 20:49:23
647,7,26,54.01,44.187,78.7043,65,30,59.5004,147.0025,2023-06-06 20:49:23
648,7,27,54.88,189.7444,84.1093,60,30,59.4986,146.9934,2023-06-06 20:49:23
649,7,27,57.12,147.9045,73.8762,31,30,59.4945,146.9989,2023-06-06 20:49:23
650,7,28,56.83,140.4525,61.7505,86,30,59.4898,147.0119,2023-06-06 20:49:23
651,7,30,68.89,112.3697,55.111,8,30,59.5017,147.0014,2023-06-06 20:49:23
652,7,23,70.55,85.1733,37.2344,54,30,59.4918,147.0042,2023-06-06 20:49:24
653,7,22,79.95,172.1869,52.6328,27,30,59.5015,147.002,2023-06-06 20:49:24
654,7,28,70.78,117.1934,56.3074,18,30,59.4946,146.9966,2023-06-06 20:49:24
655,7,21,72.78,178.0626,78.5349,39,30,59.5041,146.9971,2023-06-06 20:49:24
656,7,29,55.57,2.9275,57.7205,47,30,59.505,147.001,2023-06-06 20:49:24
657,7,27,67.73,176.3879,86.5519,8,30,59.5038,147.007,2023-06-06 20:49:24
658,7,24,78.33,166.6395,35.6414,17,30,59.493,147.0029,2023-06-06 20:49:24
659,7,22,60.5,53.9505,73.449,89,30,59.504,147.0001,2023-06-06 20:49:24
660,7,30,66.69,143.7923,58.5161,21,30,59.4999,147.0011,2023-06-06 20:49:25
661,7,26,66.68,177.6006,59.8334,51,30,59.4952,147.0011,2023-06-06 20:49:25
662,7,24,70.24,167.8586,58.5965,19,30,59.4955,146.9956,2023-06-06 20:49:25
663,7,30,77.32,152.8206,68.0629,70,30,59.4983,147.0113,2023-06-06 20:49:25
664,7,30,54.99,55.7704,43.138,2,30,59.4923,147.005,2023-06-06 20:49:25
665,7,29,79.42,155.4087,65.2933,49,30,59.4946,147.0034,2023-06-06 20:49:25
666,7,24,59.55,123.1356,35.8819,39,30,59.4944,147.0113,2023-06-06 20:49:25
667,7,22,59.85,101.3985,68.2368,70,30,59.5005,147.0046,2023-06-06 20:49:25
668,7,24,58.54,82.7785,56.4425,29,30,59.4937,146.9975,2023-06-06 20:49:26
669,7,29,65.83,185.6915,57.8673,82,30,59.4996,147.0007,2023-06-06 20:49:26
670,7,27,65.24,186.0967,36.6035,2,30,59.4986,147.0006,2023-06-06 20:49:26
671,7,29,66.78,42.0454,69.019,60,30,59.4903,147.0123,2023-06-06 20:49:26
672,7,21,50.6,116.3529,42.9535,27,30,59.4917,147.0039,2023-06-06 20:49:26
673,7,22,62.83,85.294,50.551,47,30,59.4916,146.9994,2023-06-06 20:49:26
674,7,30,63.52,192.245,83.9249,55,30,59.4922,146.9995,2023-06-06 20:49:26
675,7,25,71.89,195.9879,30.9826,5,30,59.4896,147.0116,2023-06-06 20:49:26
676,7,26,63.63,162.2154,82.7304,59,30,59.499,147.0007,2023-06-06 20:49:27
677,7,27,58.33,75.5688,40.3708,25,30,59.5018,146.993,2023-06-06 20:49:27
678,7,20,77.48,56.3211,86.4349,89,30,59.5015,147.0091,2023-06-06 20:49:27
679,7,26,74.09,28.0138,51.4346,12,30,59.507,147.0011,2023-06-06 20:49:27
680,7,24,52.76,159.9138,52.9278,29,30,59.5031,147.006,2023-06-06 20:49:27
681,7,25,59.78,178.8282,89.5819,96,30,59.4955,146.999,2023-06-06 20:49:27
682,7,26,72.67,131.8093,66.4033,22,30,59.493,147.0109,2023-06-06 20:49:27
683,7,20,59.66,15.0204,78.099,93,28,59.5031,147.0095,2023-06-06 20:49:27
684,7,27,72.65,175.3597,56.8844,8,28,59.5014,147.0044,2023-06-06 20:49:28
685,7,23,72.26,170.9445,61.8058,76,28,59.4969,146.9975,2023-06-06 20:49:28
686,7,20,58.91,26.5168,81.4511,6,28,59.4972,147.0063,2023-06-06 20:49:28
687,7,23,66.24,66.2535,53.5091,41,28,59.4901,147.0017,2023-06-06 20:49:28
688,7,29,67.52,45.4219,61.0527,50,28,59.4982,146.9998,2023-06-06 20:49:28
689,7,26,77.38,150.4979,68.6601,51,28,59.5014,147.0043,2023-06-06 20:49:28
690,7,28,53.46,124.3932,53.3041,0,28,59.4943,146.998,2023-06-06 20:49:28
691,7,23,69.17,35.8187,41.6813,88,28,59.4879,147.0041,2023-06-06 20:49:28
692,7,23,70.82,40.996,40.6883,73,28,59.4977,146.993,2023-06-06 20:49:29
693,7,22,54.86,130.467,81.2259,93,28,59.4994,146.995,2023-06-06 20:49:29
694,7,23,70.42,45.0159,81.1332,33,28,59.4884,146.9993,2023-06-06 20:49:29
695,7,26,65.6,195.8991,87.9054,31,28,59.4985,147.0051,2023-06-06 20:49:29
696,7,23,70.45,177.6749,88.1314,29,28,59.4917,147.0029,2023-06-06 20:49:29
697,7,30,51.28,185.8619,69.7795,18,28,59.4941,146.994,2023-06-06 20:49:29
698,7,22,72.48,95.6397,43.2753,55,28,59.5039,146.9933,2023-06-06 20:49:29
699,7,27,72.4,57.9752,89.8455,70,28,59.5013,146.9929,2023-06-06 20:49:29
700,7,27,58.17,56.3882,68.7039,20,28,59.5042,147.0041,2023-06-06 20:49:30
701,8,26,57.68,87.6739,81.6413,89,30,-55.6058,-19.513,2023-06-06 20:49:33
702,8,22,55.85,21.0636,75.704,4,30,-55.6076,-19.5204,2023-06-06 20:49:33
703,8,24,68.63,29.6374,41.6542,38,30,-55.601,-19.5045,2023-06-06 20:49:34
704,8,22,58.73,69.2373,44.9673,43,30,-55.6112,-19.5164,2023-06-06 20:49:34
705,8,20,68.67,194.9084,54.3833,63,30,-55.6036,-19.5116,2023-06-06 20:49:34
706,8,21,77.54,160.3732,57.4032,85,30,-55.6071,-19.5172,2023-06-06 20:49:34
707,8,24,70.83,123.7615,78.9786,44,30,-55.6107,-19.5214,2023-06-06 20:49:34
708,8,20,59.04,193.552,71.0439,3,30,-55.6011,-19.5045,2023-06-06 20:49:34
709,8,24,56.42,156.8451,59.174,29,30,-55.6016,-19.504,2023-06-06 20:49:34
710,8,24,73.47,126.7408,83.8234,26,30,-55.6137,-19.5164,2023-06-06 20:49:34
711,8,23,74.29,20.3062,87.4365,92,30,-55.6029,-19.5058,2023-06-06 20:49:35
712,8,26,70.47,197.7396,42.415,72,30,-55.6102,-19.5183,2023-06-06 20:49:35
713,8,27,58.74,119.2721,60.5869,74,30,-55.6101,-19.5175,2023-06-06 20:49:35
714,8,26,60.84,194.1532,88.4431,46,30,-55.6009,-19.5217,2023-06-06 20:49:35
715,8,20,70.69,125.0685,66.7297,20,30,-55.6004,-19.5141,2023-06-06 20:49:35
716,8,24,54.77,138.9222,75.2295,35,30,-55.611,-19.5146,2023-06-06 20:49:35
717,8,20,53.25,37.1109,35.0174,70,30,-55.5989,-19.5081,2023-06-06 20:49:35
718,8,25,61.02,36.1249,47.6665,32,30,-55.6,-19.5064,2023-06-06 20:49:35
719,8,30,70.15,190.1809,55.4954,35,30,-55.5984,-19.5101,2023-06-06 20:49:36
720,8,22,71.32,126.5021,70.2063,28,30,-55.5953,-19.5036,2023-06-06 20:49:36
721,8,25,58.86,5.8086,72.1832,97,30,-55.6068,-19.522,2023-06-06 20:49:36
722,8,24,64.61,132.4475,45.4897,51,30,-55.6094,-19.5218,2023-06-06 20:49:36
723,8,28,50.22,102.6625,65.6702,77,30,-55.6084,-19.5032,2023-06-06 20:49:36
724,8,21,75.6,50.5734,50.7123,2,30,-55.6041,-19.5197,2023-06-06 20:49:36
725,8,22,61.39,125.6059,74.5011,67,30,-55.612,-19.5155,2023-06-06 20:49:36
726,8,30,77.05,25.7639,83.6854,37,30,-55.6132,-19.5218,2023-06-06 20:49:36
727,8,23,78.6,10.8331,67.3951,56,30,-55.5996,-19.5055,2023-06-06 20:49:37
728,8,25,54.61,160.6581,48.8531,69,30,-55.6139,-19.5087,2023-06-06 20:49:37
729,8,24,77.25,38.784,73.7866,55,30,-55.6093,-19.5108,2023-06-06 20:49:37
730,8,25,50.58,101.229,76.1828,30,30,-55.5963,-19.5198,2023-06-06 20:49:37
731,8,26,66.94,42.1208,70.9073,90,30,-55.604,-19.5083,2023-06-06 20:49:37
732,8,30,72.77,1.3595,63.4267,88,30,-55.6144,-19.5079,2023-06-06 20:49:37
733,8,21,59.15,45.01,56.632,73,30,-55.6042,-19.5107,2023-06-06 20:49:37
734,8,21,71.94,37.5116,50.7632,31,30,-55.608,-19.5084,2023-06-06 20:49:38
735,8,29,76.27,15.2612,73.2751,93,30,-55.6026,-19.5059,2023-06-06 20:49:38
736,8,28,70.79,40.1857,57.1899,89,30,-55.6028,-19.5098,2023-06-06 20:49:38
737,8,29,54.16,154.4365,56.8403,4,30,-55.6135,-19.5041,2023-06-06 20:49:38
738,8,20,59.28,28.5132,30.6751,8,30,-55.6072,-19.5097,2023-06-06 20:49:38
739,8,23,70.38,71.7145,55.6696,70,30,-55.6061,-19.5152,2023-06-06 20:49:38
740,8,29,56.87,199.5844,66.6455,42,30,-55.6097,-19.5189,2023-06-06 20:49:38
741,8,26,74.53,197.7024,70.829,53,30,-55.6095,-19.5207,2023-06-06 20:49:38
742,8,30,64.89,9.9612,62.0867,62,30,-55.6143,-19.5032,2023-06-06 20:49:39
743,8,20,78.27,103.634,31.089,75,30,-55.6016,-19.5074,2023-06-06 20:49:39
744,8,23,57.5,139.8881,83.9218,62,30,-55.6059,-19.5157,2023-06-06 20:49:39
745,8,21,61.51,109.5263,77.5961,91,28,-55.5955,-19.5146,2023-06-06 20:49:39
746,8,27,53.25,153.6781,34.126,46,28,-55.605,-19.5144,2023-06-06 20:49:39
747,8,22,68.65,135.4286,85.8717,92,28,-55.6033,-19.5152,2023-06-06 20:49:39
748,8,23,67.99,190.4456,67.0602,41,28,-55.6038,-19.5064,2023-06-06 20:49:39
749,8,24,79.79,86.9935,69.3422,62,28,-55.6097,-19.5197,2023-06-06 20:49:39
750,8,26,59.65,147.9279,50.8814,76,28,-55.5989,-19.5117,2023-06-06 20:49:40
751,8,26,75.66,146.6659,88.6508,34,28,-55.6108,-19.5036,2023-06-06 20:49:40
752,8,24,79.74,42.3388,88.7003,96,28,-55.5967,-19.512,2023-06-06 20:49:40
753,8,30,54.53,75.1545,35.5014,29,28,-55.6115,-19.52,2023-06-06 20:49:40
754,8,27,68.36,99.7771,87.8227,94,26,-55.6115,-19.5066,2023-06-06 20:49:40
755,8,26,78.0,86.2316,88.6525,100,26,-55.5994,-19.5052,2023-06-06 20:49:40
756,8,26,79.96,31.0203,67.6542,17,26,-55.6088,-19.5142,2023-06-06 20:49:40
757,8,23,62.76,27.2821,30.557,65,26,-55.5973,-19.5034,2023-06-06 20:49:40
758,8,22,75.93,152.2995,30.9733,1,26,-55.6004,-19.5047,2023-06-06 20:49:41
759,8,20,78.93,70.2271,88.3147,39,26,-55.6033,-19.518,2023-06-06 20:49:41
760,8,21,66.7,182.625,81.405,8,26,-55.6054,-19.5113,2023-06-06 20:49:41
761,8,21,54.37,127.6889,79.1515,55,26,-55.5998,-19.5061,2023-06-06 20:49:41
762,8,28,76.85,95.6309,36.6098,59,26,-55.6011,-19.5028,2023-06-06 20:49:41
763,8,26,51.71,77.9131,42.2793,54,26,-55.6124,-19.5188,2023-06-06 20:49:41
764,8,23,60.1,127.4258,85.7581,14,26,-55.6137,-19.5066,2023-06-06 20:49:41
765,8,25,69.75,116.8902,71.7996,12,26,-55.6042,-19.5124,2023-06-06 20:49:41
766,8,26,70.66,112.5963,78.4457,51,26,-55.5974,-19.506,2023-06-06 20:49:42
767,8,25,79.16,19.4296,39.5861,16,26,-55.6133,-19.5209,2023-06-06 20:49:42
768,8,25,50.81,170.4599,66.8185,11,26,-55.5981,-19.5036,2023-06-06 20:49:42
769,8,29,61.05,186.4652,48.8243,8,26,-55.6014,-19.5211,2023-06-06 20:49:42
770,8,28,62.51,4.0415,34.3606,55,26,-55.6059,-19.5143,2023-06-06 20:49:42
771,8,30,50.58,77.2063,75.4864,83,26,-55.6055,-19.5144,2023-06-06 20:49:42
772,8,25,77.91,76.4357,71.5182,97,26,-55.6034,-19.5143,2023-06-06 20:49:42
773,8,22,65.68,190.2266,83.1084,34,26,-55.6019,-19.5213,2023-06-06 20:49:42
774,8,21,60.39,4.4202,38.8485,0,26,-55.598,-19.5178,2023-06-06 20:49:43
775,8,26,66.71,116.5328,49.3243,35,26,-55.6112,-19.506,2023-06-06 20:49:43
776,8,28,70.79,80.9706,84.251,74,26,-55.6004,-19.5216,2023-06-06 20:49:43
777,8,23,55.13,77.2224,38.6926,82,26,-55.603,-19.5127,2023-06-06 20:49:43
778,8,20,55.08,9.3591,82.1836,14,26,-55.6099,-19.5121,2023-06-06 20:49:43
779,8,29,59.53,217.5355,76.2691,96,26,-55.6136,-19.5082,2023-06-06 20:49:43
780,8,24,66.93,183.1426,56.4117,38,26,-55.6118,-19.5101,2023-06-06 20:49:43
781,8,26,79.36,74.207,81.91,39,26,-55.6011,-19.513,2023-06-06 20:49:43
782,8,30,73.98,102.964,57.5652,21,26,-55.6064,-19.5115,2023-06-06 20:49:44
783,8,26,54.59,177.9111,61.784,4,26,-55.606,-19.5199,2023-06-06 20:49:44
784,8,23,60.15,77.4733,80.0433,53,26,-55.6063,-19.5034,2023-06-06 20:49:44
785,8,28,76.47,48.1784,57.5915,59,26,-55.6083,-19.5129,2023-06-06 20:49:44
786,8,24,75.45,104.5032,56.1962,21,26,-55.6089,-19.514,2023-06-06 20:49:44
787,8,26,52.61,43.5847,79.1211,46,26,-55.6063,-19.5058,2023-06-06 20:49:44
788,8,20,61.46,102.0856,43.7503,32,26,-55.5965,-19.5153,2023-06-06 20:49:44
789,8,28,67.41,198.1182,86.0806,24,26,-55.6041,-19.5177,2023-06-06 20:49:44
790,8,23,60.74,78.1848,68.2147,15,26,-55.598,-19.5174,2023-06-06 20:49:45
791,8,25,54.88,29.2004,38.5215,40,26,-55.6056,-19.5189,2023-06-06 20:49:45
792,8,21,50.54,117.5628,59.2793,38,26,-55.604,-19.5139,2023-06-06 20:49:45
793,8,26,79.9,140.4921,78.6529,95,26,-55.6147,-19.519,2023-06-06 20:49:45
794,8,28,75.06,44.8608,82.8285,59,26,-55.6062,-19.5028,2023-06-06 20:49:45
795,8,20,52.87,90.8947,84.7385,90,26,-55.6009,-19.519,2023-06-06 20:49:45
796,8,25,53.98,161.7998,64.3194,40,26,-55.6131,-19.5037,2023-06-06 20:49:45
797,8,26,66.53,60.1273,54.0066,20,26,-55.6123,-19.5149,2023-06-06 20:49:46
798,8,28,72.51,2.789,84.463,98,26,-55.6018,-19.5064,2023-06-06 20:49:46
799,8,21,79.08,166.0545,83.0704,12,26,-55.6125,-19.5212,2023-06-06 20:49:46
800,8,20,71.99,47.8622,76.2546,27,26,-55.6071,-19.5138,2023-06-06 20:49:46
801,9,23,63.81,59.0318,79.7376,42,30,-71.956,86.1123,2023-06-06 20:50:56
802,9,27,51.67,187.5547,56.0996,3,30,-71.9596,86.1209,2023-06-06 20:50:56
803,9,23,53.37,105.2015,73.1988,96,30,-71.9564,86.1214,2023-06-06 20:50:56
804,9,24,70.84,157.8622,63.5207,49,30,-71.9605,86.1141,2023-06-06 20:50:57
805,9,26,64.23,96.7198,85.7192,90,30,-71.9646,86.1175,2023-06-06 20:50:57
806,9,28,66.42,70.6004,82.8245,95,30,-71.9568,86.1225,2023-06-06 20:50:57
807,9,28,78.69,46.0857,86.6716,37,30,-71.9497,86.1085,2023-06-06 20:50:57
808,9,27,59.05,95.7398,53.1447,21,30,-71.9681,86.1054,2023-06-06 20:50:57
809,9,29,57.2,103.5903,73.4348,27,30,-71.959,86.1052,2023-06-06 20:50:57
810,9,24,79.09,174.9159,38.1275,54,30,-71.9541,86.1163,2023-06-06 20:50:57
811,9,29,50.2,17.9187,35.8906,59,30,-71.9583,86.118,2023-06-06 20:50:58
812,9,21,74.8,182.3381,42.7045,41,30,-71.9598,86.1179,2023-06-06 20:50:58
813,9,27,53.62,57.658,79.3773,50,30,-71.9608,86.1223,2023-06-06 20:50:58
814,9,20,52.18,146.2966,87.9816,44,30,-71.9682,86.1051,2023-06-06 20:50:58
815,9,22,51.51,116.8832,45.7092,58,30,-71.9606,86.1062,2023-06-06 20:50:58
816,9,26,78.17,168.8497,75.5028,90,30,-71.9604,86.109,2023-06-06 20:50:58
817,9,20,52.94,132.5768,69.9975,25,30,-71.9629,86.1219,2023-06-06 20:50:58
818,9,22,73.68,111.2598,77.4172,9,30,-71.9583,86.1099,2023-06-06 20:50:58
819,9,20,61.55,152.6835,68.6379,61,30,-71.9621,86.1213,2023-06-06 20:50:59
820,9,29,79.78,58.1563,44.9843,53,30,-71.9586,86.1057,2023-06-06 20:50:59
821,9,22,70.0,83.2766,84.9092,28,30,-71.9547,86.1097,2023-06-06 20:50:59
822,9,23,74.19,48.7938,70.2731,97,30,-71.966,86.109,2023-06-06 20:50:59
823,9,28,63.91,26.0178,54.7569,31,30,-71.9507,86.1089,2023-06-06 20:50:59
824,9,21,69.8,143.2317,66.8195,45,30,-71.9684,86.1186,2023-06-06 20:50:59
825,9,28,67.54,141.0217,46.8461,56,30,-71.9579,86.1141,2023-06-06 20:50:59
826,9,22,57.71,11.8707,81.6896,42,30,-71.9579,86.1157,2023-06-06 20:50:59
827,9,23,63.32,145.6827,84.4213,18,30,-71.963,86.1213,2023-06-06 20:51:00
828,9,28,58.47,112.7032,39.822,48,30,-71.9545,86.1208,2023-06-06 20:51:00
829,9,22,67.92,193.308,77.0551,28,30,-71.9603,86.1204,2023-06-06 20:51:00
830,9,29,68.25,97.9291,79.7695,13,30,-71.9656,86.114,2023-06-06 20:51:00
831,9,21,72.35,165.7723,42.312,21,30,-71.9547,86.1131,2023-06-06 20:51:00
832,9,20,71.65,103.5993,33.5545,82,30,-71.9534,86.1122,2023-06-06 20:51:00
833,9,26,78.62,3.0556,86.4446,3,30,-71.9507,86.1146,2023-06-06 20:51:00
834,9,30,67.6,106.6447,44.0458,3,30,-71.9581,86.1184,2023-06-06 20:51:00
835,9,28,59.9,154.1728,84.9139,64,30,-71.9497,86.1084,2023-06-06 20:51:01
836,9,22,77.45,90.3899,36.5262,75,30,-71.9625,86.1046,2023-06-06 20:51:01
837,9,27,54.12,102.7823,81.4971,15,30,-71.9675,86.11,2023-06-06 20:51:01
838,9,21,56.4,38.3653,76.6965,72,30,-71.9601,86.1112,2023-06-06 20:51:01
839,9,21,57.49,136.2385,61.8068,82,30,-71.952,86.112,2023-06-06 20:51:01
840,9,30,59.57,86.7073,72.0755,96,30,-71.967,86.1195,2023-06-06 20:51:01
841,9,24,59.01,185.3158,70.8155,62,30,-71.9514,86.1145,2023-06-06 20:51:01
842,9,23,77.92,147.304,72.1676,18,30,-71.9621,86.1184,2023-06-06 20:51:02
843,9,28,51.52,18.247,79.6071,45,30,-71.9624,86.1098,2023-06-06 20:51:02
844,9,27,52.16,95.1207,43.8446,36,30,-71.9645,86.1192,2023-06-06 20:51:02
845,9,27,67.75,158.1777,70.9318,94,30,-71.9589,86.1055,2023-06-06 20:51:02
846,9,21,53.74,22.0181,68.1919,64,30,-71.9643,86.1068,2023-06-06 20:51:02
847,9,27,51.27,166.8117,79.2093,98,30,-71.9533,86.1205,2023-06-06 20:51:02
848,9,29,64.06,122.8954,65.6602,83,30,-71.9665,86.1135,2023-06-06 20:51:02
849,9,21,66.78,109.8504,59.1918,61,30,-71.9544,86.1139,2023-06-06 20:51:02
850,9,28,67.64,198.5938,41.4236,20,30,-71.9633,86.1171,2023-06-06 20:51:03
851,9,29,57.75,121.8503,88.8358,9,30,-71.9685,86.1214,2023-06-06 20:51:03
852,9,26,76.03,198.902,37.5032,16,30,-71.9659,86.122,2023-06-06 20:51:03
853,9,26,72.98,164.4163,41.339,72,30,-71.9565,86.1052,2023-06-06 20:51:03
854,9,20,73.56,50.7756,89.7881,36,30,-71.9583,86.1164,2023-06-06 20:51:03
855,9,22,66.15,116.2157,66.2686,88,30,-71.95,86.1101,2023-06-06 20:51:03
856,9,23,68.1,3.6644,40.5305,70,30,-71.9528,86.1048,2023-06-06 20:51:03
857,9,22,60.16,194.9747,80.082,71,30,-71.9652,86.1216,2023-06-06 20:51:03
858,9,25,78.15,86.8181,30.231,46,30,-71.9553,86.1052,2023-06-06 20:51:04
859,9,21,53.91,184.792,86.2407,92,30,-71.9493,86.1043,2023-06-06 20:51:04
860,9,25,58.31,190.5997,84.4179,89,30,-71.967,86.1081,2023-06-06 20:51:04
861,9,24,77.19,162.7076,61.4587,48,30,-71.9529,86.1075,2023-06-06 20:51:04
862,9,27,57.12,171.7526,52.3964,66,30,-71.9676,86.1158,2023-06-06 20:51:04
863,9,22,75.75,150.7179,80.5057,97,30,-71.9616,86.1189,2023-06-06 20:51:04
864,9,20,61.13,34.4144,51.828,25,30,-71.9663,86.1131,2023-06-06 20:51:04
865,9,21,64.98,44.7904,72.3735,2,30,-71.9584,86.113,2023-06-06 20:51:04
866,9,25,75.97,153.9274,72.442,40,30,-71.9659,86.1159,2023-06-06 20:51:05
867,9,21,59.7,155.0621,30.7178,49,30,-71.9652,86.11,2023-06-06 20:51:05
868,9,27,64.8,48.8317,57.6082,37,30,-71.9655,86.1047,2023-06-06 20:51:05
869,9,30,72.25,179.5949,86.7613,59,30,-71.968,86.1214,2023-06-06 20:51:05
870,9,20,56.93,12.0798,66.8169,48,30,-71.9595,86.1141,2023-06-06 20:51:05
871,9,23,67.56,146.8708,46.376,58,30,-71.9654,86.1068,2023-06-06 20:51:05
872,9,26,65.93,128.0449,72.8558,21,30,-71.9622,86.1085,2023-06-06 20:51:05
873,9,25,58.55,55.8787,84.7546,43,30,-71.9663,86.1146,2023-06-06 20:51:05
874,9,28,77.09,167.3547,83.0298,12,30,-71.9668,86.1171,2023-06-06 20:51:06
875,9,25,79.41,157.8475,38.1351,6,30,-71.9609,86.1045,2023-06-06 20:51:06
876,9,30,57.49,190.5435,78.4158,75,30,-71.9556,86.1128,2023-06-06 20:51:06
877,9,21,67.19,68.0019,76.5904,86,30,-71.9615,86.1204,2023-06-06 20:51:06
878,9,25,64.61,144.3301,36.3147,57,30,-71.9656,86.1157,2023-06-06 20:51:06
879,9,23,66.44,151.7071,75.9318,95,30,-71.9691,86.1101,2023-06-06 20:51:06
880,9,23,76.06,130.6789,34.5731,88,30,-71.9549,86.1181,2023-06-06 20:51:06
881,9,29,55.89,172.3929,87.7731,55,30,-71.9621,86.1151,2023-06-06 20:51:07
882,9,20,72.2,52.4861,49.9984,6,30,-71.9669,86.1038,2023-06-06 20:51:07
883,9,25,64.69,123.7972,77.691,88,30,-71.9612,86.1101,2023-06-06 20:51:07
884,9,21,58.73,166.9568,78.3598,93,30,-71.9531,86.1095,2023-06-06 20:51:07
885,9,27,63.73,35.5654,89.1701,56,30,-71.9599,86.1194,2023-06-06 20:51:07
886,9,28,52.49,168.9244,59.5673,0,30,-71.9654,86.1173,2023-06-06 20:51:07
887,9,22,66.2,37.2977,33.0431,85,30,-71.9557,86.1159,2023-06-06 20:51:07
888,9,28,79.79,93.6479,40.5552,54,30,-71.9599,86.1164,2023-06-06 20:51:07
889,9,29,53.41,142.4284,64.9025,87,30,-71.9516,86.1144,2023-06-06 20:51:08
890,9,29,60.03,193.4343,54.7316,67,30,-71.9499,86.1086,2023-06-06 20:51:08
891,9,21,72.73,55.498,50.8853,65,30,-71.9655,86.1046,2023-06-06 20:51:08
892,9,22,76.83,0.5003,86.939,88,30,-71.9619,86.1035,2023-06-06 20:51:08
893,9,23,68.52,116.8355,48.9514,51,30,-71.9594,86.1058,2023-06-06 20:51:08
894,9,28,76.02,18.9417,48.019,86,30,-71.9597,86.1207,2023-06-06 20:51:08
895,9,22,76.68,176.805,61.3168,12,30,-71.9673,86.1161,2023-06-06 20:51:08
896,9,29,70.75,194.6543,84.5633,92,30,-71.963,86.1161,2023-06-06 20:51:08
897,9,29,55.5,159.1424,83.328,68,30,-71.9627,86.1052,2023-06-06 20:51:09
898,9,28,66.23,66.6838,86.3861,35,30,-71.963,86.1103,2023-06-06 20:51:09
899,9,26,73.54,31.1949,49.9783,55,30,-71.9504,86.1064,2023-06-06 20:51:09
900,9,24,61.15,112.4706,33.5647,84,30,-71.9681,86.1168,2023-06-06 20:51:09
901,10,30,78.4,87.7706,54.48,18,30,67.3521,145.0381,2023-06-06 20:51:13
902,10,30,53.91,168.7276,38.6557,38,30,67.3465,145.0387,2023-06-06 20:51:13
903,10,21,60.08,112.8142,31.6966,30,30,67.3565,145.0541,2023-06-06 20:51:14
904,10,20,67.13,72.0146,40.0141,23,30,67.3541,145.0448,2023-06-06 20:51:14
905,10,20,73.38,78.0773,72.3072,26,30,67.3406,145.0508,2023-06-06 20:51:14
906,10,27,75.62,128.9531,39.8982,25,30,67.3457,145.0502,2023-06-06 20:51:14
907,10,29,65.94,110.1132,38.7423,18,30,67.3559,145.0419,2023-06-06 20:51:14
908,10,25,72.99,198.7415,30.0746,83,30,67.3485,145.0413,2023-06-06 20:51:14
909,10,24,67.47,158.93,64.8686,10,30,67.3516,145.0499,2023-06-06 20:51:14
910,10,26,71.86,156.7462,37.6598,12,30,67.3533,145.0455,2023-06-06 20:51:14
911,10,25,56.13,13.7448,75.2896,96,30,67.3457,145.0534,2023-06-06 20:51:15
912,10,24,74.4,143.6497,45.3155,85,30,67.3398,145.0491,2023-06-06 20:51:15
913,10,24,69.18,17.9787,60.0445,67,30,67.3433,145.0413,2023-06-06 20:51:15
914,10,26,68.73,99.7543,64.2908,42,30,67.3447,145.0459,2023-06-06 20:51:15
915,10,24,56.32,30.3896,57.1055,45,30,67.3534,145.0468,2023-06-06 20:51:15
916,10,28,65.18,163.0151,84.6327,25,30,67.3521,145.0359,2023-06-06 20:51:15
917,10,25,54.9,152.8813,77.9857,100,30,67.3482,145.0423,2023-06-06 20:51:15
918,10,23,64.52,54.6207,43.199,52,30,67.3451,145.0426,2023-06-06 20:51:15
919,10,24,74.97,80.5658,70.924,11,30,67.346,145.0383,2023-06-06 20:51:16
920,10,28,77.33,4.4602,75.9534,49,30,67.3529,145.0432,2023-06-06 20:51:16
921,10,22,70.65,51.1097,32.4291,19,30,67.3427,145.0484,2023-06-06 20:51:16
922,10,22,57.21,13.4,65.3153,48,30,67.3517,145.0514,2023-06-06 20:51:16
923,10,25,75.58,65.1544,35.2531,13,30,67.3386,145.0498,2023-06-06 20:51:16
924,10,21,51.55,192.8987,68.5083,37,30,67.3492,145.0462,2023-06-06 20:51:16
925,10,23,57.3,63.7816,73.8077,90,30,67.356,145.0377,2023-06-06 20:51:16
926,10,28,70.34,55.334,49.1285,55,30,67.3572,145.0462,2023-06-06 20:51:17
927,10,27,53.7,154.8283,35.7792,23,30,67.3535,145.0345,2023-06-06 20:51:17
928,10,20,63.59,148.4945,40.8484,55,30,67.3563,145.0407,2023-06-06 20:51:17
929,10,26,74.47,42.9986,87.1797,88,30,67.3568,145.0511,2023-06-06 20:51:17
930,10,28,75.25,132.3834,35.8952,64,30,67.3456,145.0388,2023-06-06 20:51:17
931,10,30,59.12,170.8012,39.8036,64,30,67.3423,145.0395,2023-06-06 20:51:17
932,10,25,58.02,83.0367,85.3373,74,30,67.3569,145.0518,2023-06-06 20:51:17
933,10,21,62.99,3.6274,39.8751,27,30,67.3412,145.0448,2023-06-06 20:51:17
934,10,25,59.55,71.8256,72.8285,53,30,67.3428,145.0377,2023-06-06 20:51:18
935,10,20,72.4,95.0897,38.0046,64,30,67.3535,145.0527,2023-06-06 20:51:18
936,10,28,76.1,132.1311,81.7226,31,30,67.3498,145.042,2023-06-06 20:51:18
937,10,24,64.67,31.2795,82.842,90,30,67.3511,145.0491,2023-06-06 20:51:18
938,10,23,63.78,199.4954,39.2807,88,30,67.3575,145.0435,2023-06-06 20:51:18
939,10,20,72.43,137.9335,89.0045,36,30,67.3556,145.0371,2023-06-06 20:51:18
940,10,24,67.31,116.8907,58.2484,63,30,67.3518,145.0381,2023-06-06 20:51:18
941,10,27,68.62,137.5282,40.51,55,30,67.3471,145.042,2023-06-06 20:51:18
942,10,21,64.33,63.1709,84.0171,93,30,67.355,145.0494,2023-06-06 20:51:19
943,10,28,79.53,45.5507,63.212,2,30,67.3395,145.0413,2023-06-06 20:51:19
944,10,26,74.31,23.0674,72.7308,23,30,67.3443,145.0486,2023-06-06 20:51:19
945,10,26,60.62,172.0305,68.5385,66,30,67.341,145.0367,2023-06-06 20:51:19
946,10,26,55.09,128.0013,61.4947,82,30,67.3495,145.0354,2023-06-06 20:51:19
947,10,23,69.02,195.7636,83.9987,0,30,67.352,145.0447,2023-06-06 20:51:19
948,10,21,71.62,43.1966,48.5447,64,30,67.3453,145.0385,2023-06-06 20:51:19
949,10,26,79.86,93.3652,54.914,33,30,67.3577,145.0436,2023-06-06 20:51:19
950,10,20,75.43,190.5303,84.0448,86,30,67.3389,145.0368,2023-06-06 20:51:20
951,10,22,52.76,127.9959,78.9774,90,30,67.3552,145.0486,2023-06-06 20:51:20
952,10,21,73.75,105.2432,77.2742,20,30,67.3563,145.0366,2023-06-06 20:51:20
953,10,25,69.27,170.8884,35.9997,46,30,67.3415,145.0403,2023-06-06 20:51:20
954,10,23,59.9,121.923,57.4276,71,30,67.3447,145.0385,2023-06-06 20:51:20
955,10,27,71.23,159.4622,45.591,39,30,67.3495,145.0506,2023-06-06 20:51:20
956,10,20,71.12,124.5364,83.1399,58,30,67.3492,145.0527,2023-06-06 20:51:20
957,10,21,70.36,95.6571,52.9213,4,30,67.342,145.0361,2023-06-06 20:51:20
958,10,20,60.94,133.0824,65.4834,64,30,67.352,145.0419,2023-06-06 20:51:21
959,10,21,62.14,7.3756,49.9266,50,30,67.3456,145.0439,2023-06-06 20:51:21
960,10,26,56.11,172.977,47.7093,84,30,67.3534,145.0448,2023-06-06 20:51:21
961,10,21,66.48,67.1535,62.3672,5,30,67.3382,145.0422,2023-06-06 20:51:21
962,10,30,78.1,135.5716,46.3741,20,30,67.3448,145.0428,2023-06-06 20:51:21
963,10,25,52.17,145.0454,42.0248,25,30,67.3567,145.0352,2023-06-06 20:51:21
964,10,23,65.77,11.9507,64.1249,38,30,67.3495,145.0397,2023-06-06 20:51:21
965,10,29,51.75,156.7502,69.1974,86,30,67.3516,145.0501,2023-06-06 20:51:21
966,10,23,60.3,187.1797,66.1874,36,30,67.3504,145.041,2023-06-06 20:51:22
967,10,23,66.67,136.2398,85.0583,59,30,67.3571,145.0368,2023-06-06 20:51:22
968,10,26,64.61,126.6408,80.4489,31,30,67.339,145.0471,2023-06-06 20:51:22
969,10,30,68.75,20.7792,47.6382,3,30,67.3546,145.0465,2023-06-06 20:51:22
970,10,25,55.02,174.8164,36.7258,45,30,67.3455,145.0355,2023-06-06 20:51:22
971,10,29,63.97,17.4134,52.9342,79,30,67.3431,145.0427,2023-06-06 20:51:22
972,10,30,63.93,198.7846,85.7577,89,30,67.3433,145.0538,2023-06-06 20:51:22
973,10,20,78.14,163.6549,34.5682,34,30,67.3433,145.0489,2023-06-06 20:51:22
974,10,22,78.92,95.9566,78.0839,98,30,67.3449,145.0475,2023-06-06 20:51:23
975,10,28,53.55,99.6335,50.5558,73,30,67.341,145.035,2023-06-06 20:51:23
976,10,23,77.53,94.5803,84.9215,27,30,67.3496,145.0509,2023-06-06 20:51:23
977,10,23,51.86,131.068,83.6566,1,30,67.3404,145.0421,2023-06-06 20:51:23
978,10,27,51.36,32.1383,58.4943,31,30,67.3406,145.0392,2023-06-06 20:51:23
979,10,23,50.01,12.9086,68.1946,44,30,67.3478,145.0458,2023-06-06 20:51:23
980,10,30,71.0,21.0421,55.4302,0,30,67.3466,145.0535,2023-06-06 20:51:23
981,10,20,59.18,170.8094,32.9121,71,30,67.3505,145.0387,2023-06-06 20:51:23
982,10,20,62.29,97.2517,68.2157,78,30,67.348,145.0394,2023-06-06 20:51:24
983,10,23,54.22,10.0299,89.2407,92,30,67.342,145.0438,2023-06-06 20:51:24
984,10,23,75.79,192.161,76.1793,96,30,67.352,145.0426,2023-06-06 20:51:24
985,10,25,55.88,147.4782,33.8361,32,30,67.3545,145.0459,2023-06-06 20:51:24
986,10,27,57.11,151.8471,34.1153,85,30,67.3468,145.0396,2023-06-06 20:51:24
987,10,28,79.01,44.7258,34.1284,72,30,67.3413,145.0481,2023-06-06 20:51:24
988,10,30,69.15,88.2062,67.0982,62,30,67.3555,145.0481,2023-06-06 20:51:24
989,10,22,52.24,37.0161,51.3238,74,30,67.3541,145.0542,2023-06-06 20:51:24
990,10,21,78.11,68.4427,49.6074,70,30,67.3504,145.0361,2023-06-06 20:51:25
991,10,29,50.51,34.8874,66.772,42,30,67.3488,145.0543,2023-06-06 20:51:25
992,10,21,69.3,195.4042,34.0624,3,30,67.3462,145.0543,2023-06-06 20:51:25
993,10,20,71.27,142.0095,31.1206,65,30,67.3544,145.0377,2023-06-06 20:51:25
994,10,30,76.32,108.2033,50.835,32,30,67.3383,145.0496,2023-06-06 20:51:25
995,10,22,53.79,155.4721,62.9925,8,30,67.3409,145.0505,2023-06-06 20:51:25
996,10,20,61.31,122.9012,70.8134,93,30,67.3395,145.0476,2023-06-06 20:51:25
997,10,30,76.03,33.8865,64.5028,20,30,67.3439,145.0485,2023-06-06 20:51:25
998,10,23,61.44,175.3258,86.1018,90,30,67.3557,145.0348,2023-06-06 20:51:26
999,10,29,70.55,67.5328,45.1357,41,30,67.3573,145.0516,2023-06-06 20:51:26
1000,10,29,64.66,31.9984,77.899,7,30,67.3517,145.0452,2023-06-06 20:51:26
